2025-05-06T10:39:52.339+02:00  INFO 36832 --- [PayMyBuddy] [main] c.o.PayMyBuddy.PayMyBuddyApplication     : Starting PayMyBuddyApplication using Java 23 with PID 36832 (C:\Users\duckl\Desktop\OpenClassrooms\FormationJava2024\PROJET#6\PayMyBuddy\target\classes started by duckl in C:\Users\duckl\Desktop\OpenClassrooms\FormationJava2024\PROJET#6\PayMyBuddy)
2025-05-06T10:39:52.348+02:00  INFO 36832 --- [PayMyBuddy] [main] c.o.PayMyBuddy.PayMyBuddyApplication     : No active profile set, falling back to 1 default profile: "default"
2025-05-06T10:39:53.309+02:00  INFO 36832 --- [PayMyBuddy] [main] .s.d.r.c.RepositoryConfigurationDelegate : Bootstrapping Spring Data JPA repositories in DEFAULT mode.
2025-05-06T10:39:53.492+02:00  INFO 36832 --- [PayMyBuddy] [main] .s.d.r.c.RepositoryConfigurationDelegate : Finished Spring Data repository scanning in 169 ms. Found 3 JPA repository interfaces.
2025-05-06T10:39:54.230+02:00  INFO 36832 --- [PayMyBuddy] [main] o.s.b.w.embedded.tomcat.TomcatWebServer  : Tomcat initialized with port 8080 (http)
2025-05-06T10:39:54.252+02:00  INFO 36832 --- [PayMyBuddy] [main] o.apache.catalina.core.StandardService   : Starting service [Tomcat]
2025-05-06T10:39:54.253+02:00  INFO 36832 --- [PayMyBuddy] [main] o.apache.catalina.core.StandardEngine    : Starting Servlet engine: [Apache Tomcat/10.1.39]
2025-05-06T10:39:54.338+02:00  INFO 36832 --- [PayMyBuddy] [main] o.a.c.c.C.[Tomcat].[localhost].[/]       : Initializing Spring embedded WebApplicationContext
2025-05-06T10:39:54.339+02:00  INFO 36832 --- [PayMyBuddy] [main] w.s.c.ServletWebServerApplicationContext : Root WebApplicationContext: initialization completed in 1912 ms
2025-05-06T10:39:54.493+02:00  INFO 36832 --- [PayMyBuddy] [main] com.zaxxer.hikari.HikariDataSource       : HikariPool-1 - Starting...
2025-05-06T10:39:54.969+02:00  INFO 36832 --- [PayMyBuddy] [main] com.zaxxer.hikari.pool.HikariPool        : HikariPool-1 - Added connection com.mysql.cj.jdbc.ConnectionImpl@6321a5aa
2025-05-06T10:39:54.972+02:00  INFO 36832 --- [PayMyBuddy] [main] com.zaxxer.hikari.HikariDataSource       : HikariPool-1 - Start completed.
2025-05-06T10:39:55.045+02:00  INFO 36832 --- [PayMyBuddy] [main] o.hibernate.jpa.internal.util.LogHelper  : HHH000204: Processing PersistenceUnitInfo [name: default]
2025-05-06T10:39:55.119+02:00  INFO 36832 --- [PayMyBuddy] [main] org.hibernate.Version                    : HHH000412: Hibernate ORM core version 6.6.11.Final
2025-05-06T10:39:55.176+02:00  INFO 36832 --- [PayMyBuddy] [main] o.h.c.internal.RegionFactoryInitiator    : HHH000026: Second-level cache disabled
2025-05-06T10:39:55.674+02:00  INFO 36832 --- [PayMyBuddy] [main] o.s.o.j.p.SpringPersistenceUnitInfo      : No LoadTimeWeaver setup: ignoring JPA class transformer
2025-05-06T10:39:55.806+02:00  INFO 36832 --- [PayMyBuddy] [main] org.hibernate.orm.connections.pooling    : HHH10001005: Database info:
	Database JDBC URL [Connecting through datasource 'HikariDataSource (HikariPool-1)']
	Database driver: undefined/unknown
	Database version: 9.1
	Autocommit mode: undefined/unknown
	Isolation level: undefined/unknown
	Minimum pool size: undefined/unknown
	Maximum pool size: undefined/unknown
2025-05-06T10:39:56.917+02:00  INFO 36832 --- [PayMyBuddy] [main] o.h.e.t.j.p.i.JtaPlatformInitiator       : HHH000489: No JTA platform available (set 'hibernate.transaction.jta.platform' to enable JTA platform integration)
2025-05-06T10:39:56.921+02:00  INFO 36832 --- [PayMyBuddy] [main] j.LocalContainerEntityManagerFactoryBean : Initialized JPA EntityManagerFactory for persistence unit 'default'
2025-05-06T10:39:57.229+02:00  INFO 36832 --- [PayMyBuddy] [main] o.s.d.j.r.query.QueryEnhancerFactory     : Hibernate is in classpath; If applicable, HQL parser will be used.
2025-05-06T10:39:57.602+02:00  WARN 36832 --- [PayMyBuddy] [main] JpaBaseConfiguration$JpaWebConfiguration : spring.jpa.open-in-view is enabled by default. Therefore, database queries may be performed during view rendering. Explicitly configure spring.jpa.open-in-view to disable this warning
2025-05-06T10:39:57.988+02:00  INFO 36832 --- [PayMyBuddy] [main] o.s.b.w.embedded.tomcat.TomcatWebServer  : Tomcat started on port 8080 (http) with context path '/'
2025-05-06T10:39:57.997+02:00  INFO 36832 --- [PayMyBuddy] [main] c.o.PayMyBuddy.PayMyBuddyApplication     : Started PayMyBuddyApplication in 6.304 seconds (process running for 6.846)
2025-05-06T10:40:06.431+02:00  INFO 36832 --- [PayMyBuddy] [SpringApplicationShutdownHook] o.s.b.w.e.tomcat.GracefulShutdown        : Commencing graceful shutdown. Waiting for active requests to complete
2025-05-06T10:40:06.437+02:00  INFO 36832 --- [PayMyBuddy] [tomcat-shutdown] o.s.b.w.e.tomcat.GracefulShutdown        : Graceful shutdown complete
2025-05-06T10:40:06.472+02:00  INFO 36832 --- [PayMyBuddy] [SpringApplicationShutdownHook] j.LocalContainerEntityManagerFactoryBean : Closing JPA EntityManagerFactory for persistence unit 'default'
2025-05-06T10:40:06.474+02:00  INFO 36832 --- [PayMyBuddy] [SpringApplicationShutdownHook] com.zaxxer.hikari.HikariDataSource       : HikariPool-1 - Shutdown initiated...
2025-05-06T10:40:06.484+02:00  INFO 36832 --- [PayMyBuddy] [SpringApplicationShutdownHook] com.zaxxer.hikari.HikariDataSource       : HikariPool-1 - Shutdown completed.
2025-05-06T10:44:22.167+02:00  INFO 11108 --- [PayMyBuddy] [main] c.o.PayMyBuddy.PayMyBuddyApplication     : Starting PayMyBuddyApplication using Java 23 with PID 11108 (C:\Users\duckl\Desktop\OpenClassrooms\FormationJava2024\PROJET#6\PayMyBuddy\target\classes started by duckl in C:\Users\duckl\Desktop\OpenClassrooms\FormationJava2024\PROJET#6\PayMyBuddy)
2025-05-06T10:44:22.170+02:00  INFO 11108 --- [PayMyBuddy] [main] c.o.PayMyBuddy.PayMyBuddyApplication     : No active profile set, falling back to 1 default profile: "default"
2025-05-06T10:44:22.984+02:00  INFO 11108 --- [PayMyBuddy] [main] .s.d.r.c.RepositoryConfigurationDelegate : Bootstrapping Spring Data JPA repositories in DEFAULT mode.
2025-05-06T10:44:23.161+02:00  INFO 11108 --- [PayMyBuddy] [main] .s.d.r.c.RepositoryConfigurationDelegate : Finished Spring Data repository scanning in 165 ms. Found 3 JPA repository interfaces.
2025-05-06T10:44:23.860+02:00  INFO 11108 --- [PayMyBuddy] [main] o.s.b.w.embedded.tomcat.TomcatWebServer  : Tomcat initialized with port 8080 (http)
2025-05-06T10:44:23.886+02:00  INFO 11108 --- [PayMyBuddy] [main] o.apache.catalina.core.StandardService   : Starting service [Tomcat]
2025-05-06T10:44:23.886+02:00  INFO 11108 --- [PayMyBuddy] [main] o.apache.catalina.core.StandardEngine    : Starting Servlet engine: [Apache Tomcat/10.1.39]
2025-05-06T10:44:23.970+02:00  INFO 11108 --- [PayMyBuddy] [main] o.a.c.c.C.[Tomcat].[localhost].[/]       : Initializing Spring embedded WebApplicationContext
2025-05-06T10:44:23.971+02:00  INFO 11108 --- [PayMyBuddy] [main] w.s.c.ServletWebServerApplicationContext : Root WebApplicationContext: initialization completed in 1727 ms
2025-05-06T10:44:24.135+02:00  INFO 11108 --- [PayMyBuddy] [main] com.zaxxer.hikari.HikariDataSource       : HikariPool-1 - Starting...
2025-05-06T10:44:24.606+02:00  INFO 11108 --- [PayMyBuddy] [main] com.zaxxer.hikari.pool.HikariPool        : HikariPool-1 - Added connection com.mysql.cj.jdbc.ConnectionImpl@2ab09943
2025-05-06T10:44:24.609+02:00  INFO 11108 --- [PayMyBuddy] [main] com.zaxxer.hikari.HikariDataSource       : HikariPool-1 - Start completed.
2025-05-06T10:44:24.680+02:00  INFO 11108 --- [PayMyBuddy] [main] o.hibernate.jpa.internal.util.LogHelper  : HHH000204: Processing PersistenceUnitInfo [name: default]
2025-05-06T10:44:24.752+02:00  INFO 11108 --- [PayMyBuddy] [main] org.hibernate.Version                    : HHH000412: Hibernate ORM core version 6.6.11.Final
2025-05-06T10:44:24.802+02:00  INFO 11108 --- [PayMyBuddy] [main] o.h.c.internal.RegionFactoryInitiator    : HHH000026: Second-level cache disabled
2025-05-06T10:44:25.186+02:00  INFO 11108 --- [PayMyBuddy] [main] o.s.o.j.p.SpringPersistenceUnitInfo      : No LoadTimeWeaver setup: ignoring JPA class transformer
2025-05-06T10:44:25.316+02:00  INFO 11108 --- [PayMyBuddy] [main] org.hibernate.orm.connections.pooling    : HHH10001005: Database info:
	Database JDBC URL [Connecting through datasource 'HikariDataSource (HikariPool-1)']
	Database driver: undefined/unknown
	Database version: 9.1
	Autocommit mode: undefined/unknown
	Isolation level: undefined/unknown
	Minimum pool size: undefined/unknown
	Maximum pool size: undefined/unknown
2025-05-06T10:44:26.365+02:00  INFO 11108 --- [PayMyBuddy] [main] o.h.e.t.j.p.i.JtaPlatformInitiator       : HHH000489: No JTA platform available (set 'hibernate.transaction.jta.platform' to enable JTA platform integration)
2025-05-06T10:44:26.369+02:00  INFO 11108 --- [PayMyBuddy] [main] j.LocalContainerEntityManagerFactoryBean : Initialized JPA EntityManagerFactory for persistence unit 'default'
2025-05-06T10:44:26.726+02:00  INFO 11108 --- [PayMyBuddy] [main] o.s.d.j.r.query.QueryEnhancerFactory     : Hibernate is in classpath; If applicable, HQL parser will be used.
2025-05-06T10:44:27.045+02:00  WARN 11108 --- [PayMyBuddy] [main] JpaBaseConfiguration$JpaWebConfiguration : spring.jpa.open-in-view is enabled by default. Therefore, database queries may be performed during view rendering. Explicitly configure spring.jpa.open-in-view to disable this warning
2025-05-06T10:44:27.416+02:00  INFO 11108 --- [PayMyBuddy] [main] o.s.b.w.embedded.tomcat.TomcatWebServer  : Tomcat started on port 8080 (http) with context path '/'
2025-05-06T10:44:27.424+02:00  INFO 11108 --- [PayMyBuddy] [main] c.o.PayMyBuddy.PayMyBuddyApplication     : Started PayMyBuddyApplication in 5.894 seconds (process running for 6.409)
2025-05-06T10:44:37.178+02:00  INFO 11108 --- [PayMyBuddy] [http-nio-8080-exec-1] o.a.c.c.C.[Tomcat].[localhost].[/]       : Initializing Spring DispatcherServlet 'dispatcherServlet'
2025-05-06T10:44:37.179+02:00  INFO 11108 --- [PayMyBuddy] [http-nio-8080-exec-1] o.s.web.servlet.DispatcherServlet        : Initializing Servlet 'dispatcherServlet'
2025-05-06T10:44:37.181+02:00  INFO 11108 --- [PayMyBuddy] [http-nio-8080-exec-1] o.s.web.servlet.DispatcherServlet        : Completed initialization in 2 ms
2025-05-06T10:50:59.999+02:00  INFO 11108 --- [PayMyBuddy] [SpringApplicationShutdownHook] o.s.b.w.e.tomcat.GracefulShutdown        : Commencing graceful shutdown. Waiting for active requests to complete
2025-05-06T10:51:00.007+02:00  INFO 11108 --- [PayMyBuddy] [tomcat-shutdown] o.s.b.w.e.tomcat.GracefulShutdown        : Graceful shutdown complete
2025-05-06T10:51:00.040+02:00  INFO 11108 --- [PayMyBuddy] [SpringApplicationShutdownHook] j.LocalContainerEntityManagerFactoryBean : Closing JPA EntityManagerFactory for persistence unit 'default'
2025-05-06T10:51:00.043+02:00  INFO 11108 --- [PayMyBuddy] [SpringApplicationShutdownHook] com.zaxxer.hikari.HikariDataSource       : HikariPool-1 - Shutdown initiated...
2025-05-06T10:51:00.050+02:00  INFO 11108 --- [PayMyBuddy] [SpringApplicationShutdownHook] com.zaxxer.hikari.HikariDataSource       : HikariPool-1 - Shutdown completed.
2025-05-06T10:51:07.351+02:00  INFO 35316 --- [PayMyBuddy] [main] c.o.PayMyBuddy.PayMyBuddyApplication     : Starting PayMyBuddyApplication using Java 23 with PID 35316 (C:\Users\duckl\Desktop\OpenClassrooms\FormationJava2024\PROJET#6\PayMyBuddy\target\classes started by duckl in C:\Users\duckl\Desktop\OpenClassrooms\FormationJava2024\PROJET#6\PayMyBuddy)
2025-05-06T10:51:07.353+02:00  INFO 35316 --- [PayMyBuddy] [main] c.o.PayMyBuddy.PayMyBuddyApplication     : No active profile set, falling back to 1 default profile: "default"
2025-05-06T10:51:08.185+02:00  INFO 35316 --- [PayMyBuddy] [main] .s.d.r.c.RepositoryConfigurationDelegate : Bootstrapping Spring Data JPA repositories in DEFAULT mode.
2025-05-06T10:51:08.373+02:00  INFO 35316 --- [PayMyBuddy] [main] .s.d.r.c.RepositoryConfigurationDelegate : Finished Spring Data repository scanning in 171 ms. Found 3 JPA repository interfaces.
2025-05-06T10:51:09.070+02:00  INFO 35316 --- [PayMyBuddy] [main] o.s.b.w.embedded.tomcat.TomcatWebServer  : Tomcat initialized with port 8080 (http)
2025-05-06T10:51:09.096+02:00  INFO 35316 --- [PayMyBuddy] [main] o.apache.catalina.core.StandardService   : Starting service [Tomcat]
2025-05-06T10:51:09.097+02:00  INFO 35316 --- [PayMyBuddy] [main] o.apache.catalina.core.StandardEngine    : Starting Servlet engine: [Apache Tomcat/10.1.39]
2025-05-06T10:51:09.176+02:00  INFO 35316 --- [PayMyBuddy] [main] o.a.c.c.C.[Tomcat].[localhost].[/]       : Initializing Spring embedded WebApplicationContext
2025-05-06T10:51:09.176+02:00  INFO 35316 --- [PayMyBuddy] [main] w.s.c.ServletWebServerApplicationContext : Root WebApplicationContext: initialization completed in 1752 ms
2025-05-06T10:51:09.321+02:00  INFO 35316 --- [PayMyBuddy] [main] com.zaxxer.hikari.HikariDataSource       : HikariPool-1 - Starting...
2025-05-06T10:51:09.821+02:00  INFO 35316 --- [PayMyBuddy] [main] com.zaxxer.hikari.pool.HikariPool        : HikariPool-1 - Added connection com.mysql.cj.jdbc.ConnectionImpl@13f40d71
2025-05-06T10:51:09.824+02:00  INFO 35316 --- [PayMyBuddy] [main] com.zaxxer.hikari.HikariDataSource       : HikariPool-1 - Start completed.
2025-05-06T10:51:09.895+02:00  INFO 35316 --- [PayMyBuddy] [main] o.hibernate.jpa.internal.util.LogHelper  : HHH000204: Processing PersistenceUnitInfo [name: default]
2025-05-06T10:51:09.969+02:00  INFO 35316 --- [PayMyBuddy] [main] org.hibernate.Version                    : HHH000412: Hibernate ORM core version 6.6.11.Final
2025-05-06T10:51:10.017+02:00  INFO 35316 --- [PayMyBuddy] [main] o.h.c.internal.RegionFactoryInitiator    : HHH000026: Second-level cache disabled
2025-05-06T10:51:10.401+02:00  INFO 35316 --- [PayMyBuddy] [main] o.s.o.j.p.SpringPersistenceUnitInfo      : No LoadTimeWeaver setup: ignoring JPA class transformer
2025-05-06T10:51:10.531+02:00  INFO 35316 --- [PayMyBuddy] [main] org.hibernate.orm.connections.pooling    : HHH10001005: Database info:
	Database JDBC URL [Connecting through datasource 'HikariDataSource (HikariPool-1)']
	Database driver: undefined/unknown
	Database version: 9.1
	Autocommit mode: undefined/unknown
	Isolation level: undefined/unknown
	Minimum pool size: undefined/unknown
	Maximum pool size: undefined/unknown
2025-05-06T10:51:11.583+02:00  INFO 35316 --- [PayMyBuddy] [main] o.h.e.t.j.p.i.JtaPlatformInitiator       : HHH000489: No JTA platform available (set 'hibernate.transaction.jta.platform' to enable JTA platform integration)
2025-05-06T10:51:11.587+02:00  INFO 35316 --- [PayMyBuddy] [main] j.LocalContainerEntityManagerFactoryBean : Initialized JPA EntityManagerFactory for persistence unit 'default'
2025-05-06T10:51:11.884+02:00  INFO 35316 --- [PayMyBuddy] [main] o.s.d.j.r.query.QueryEnhancerFactory     : Hibernate is in classpath; If applicable, HQL parser will be used.
2025-05-06T10:51:12.256+02:00  WARN 35316 --- [PayMyBuddy] [main] JpaBaseConfiguration$JpaWebConfiguration : spring.jpa.open-in-view is enabled by default. Therefore, database queries may be performed during view rendering. Explicitly configure spring.jpa.open-in-view to disable this warning
2025-05-06T10:51:12.662+02:00  INFO 35316 --- [PayMyBuddy] [main] o.s.b.w.embedded.tomcat.TomcatWebServer  : Tomcat started on port 8080 (http) with context path '/'
2025-05-06T10:51:12.671+02:00  INFO 35316 --- [PayMyBuddy] [main] c.o.PayMyBuddy.PayMyBuddyApplication     : Started PayMyBuddyApplication in 5.941 seconds (process running for 6.434)
2025-05-06T10:51:17.979+02:00  INFO 35316 --- [PayMyBuddy] [http-nio-8080-exec-1] o.a.c.c.C.[Tomcat].[localhost].[/]       : Initializing Spring DispatcherServlet 'dispatcherServlet'
2025-05-06T10:51:17.980+02:00  INFO 35316 --- [PayMyBuddy] [http-nio-8080-exec-1] o.s.web.servlet.DispatcherServlet        : Initializing Servlet 'dispatcherServlet'
2025-05-06T10:51:17.981+02:00  INFO 35316 --- [PayMyBuddy] [http-nio-8080-exec-1] o.s.web.servlet.DispatcherServlet        : Completed initialization in 1 ms
2025-05-06T10:51:18.056+02:00 ERROR 35316 --- [PayMyBuddy] [http-nio-8080-exec-1] o.a.c.c.C.[.[.[/].[dispatcherServlet]    : Servlet.service() for servlet [dispatcherServlet] in context with path [] threw exception [Request processing failed: java.lang.NullPointerException: Cannot invoke "java.lang.Integer.intValue()" because the return value of "jakarta.servlet.http.HttpSession.getAttribute(String)" is null] with root cause

java.lang.NullPointerException: Cannot invoke "java.lang.Integer.intValue()" because the return value of "jakarta.servlet.http.HttpSession.getAttribute(String)" is null
	at com.openclassrooms.PayMyBuddy.controller.UserController.profileView(UserController.java:179) ~[classes/:na]
	at java.base/jdk.internal.reflect.DirectMethodHandleAccessor.invoke(DirectMethodHandleAccessor.java:103) ~[na:na]
	at java.base/java.lang.reflect.Method.invoke(Method.java:580) ~[na:na]
	at org.springframework.web.method.support.InvocableHandlerMethod.doInvoke(InvocableHandlerMethod.java:258) ~[spring-web-6.2.5.jar:6.2.5]
	at org.springframework.web.method.support.InvocableHandlerMethod.invokeForRequest(InvocableHandlerMethod.java:191) ~[spring-web-6.2.5.jar:6.2.5]
	at org.springframework.web.servlet.mvc.method.annotation.ServletInvocableHandlerMethod.invokeAndHandle(ServletInvocableHandlerMethod.java:118) ~[spring-webmvc-6.2.5.jar:6.2.5]
	at org.springframework.web.servlet.mvc.method.annotation.RequestMappingHandlerAdapter.invokeHandlerMethod(RequestMappingHandlerAdapter.java:986) ~[spring-webmvc-6.2.5.jar:6.2.5]
	at org.springframework.web.servlet.mvc.method.annotation.RequestMappingHandlerAdapter.handleInternal(RequestMappingHandlerAdapter.java:891) ~[spring-webmvc-6.2.5.jar:6.2.5]
	at org.springframework.web.servlet.mvc.method.AbstractHandlerMethodAdapter.handle(AbstractHandlerMethodAdapter.java:87) ~[spring-webmvc-6.2.5.jar:6.2.5]
	at org.springframework.web.servlet.DispatcherServlet.doDispatch(DispatcherServlet.java:1089) ~[spring-webmvc-6.2.5.jar:6.2.5]
	at org.springframework.web.servlet.DispatcherServlet.doService(DispatcherServlet.java:979) ~[spring-webmvc-6.2.5.jar:6.2.5]
	at org.springframework.web.servlet.FrameworkServlet.processRequest(FrameworkServlet.java:1014) ~[spring-webmvc-6.2.5.jar:6.2.5]
	at org.springframework.web.servlet.FrameworkServlet.doGet(FrameworkServlet.java:903) ~[spring-webmvc-6.2.5.jar:6.2.5]
	at jakarta.servlet.http.HttpServlet.service(HttpServlet.java:564) ~[tomcat-embed-core-10.1.39.jar:6.0]
	at org.springframework.web.servlet.FrameworkServlet.service(FrameworkServlet.java:885) ~[spring-webmvc-6.2.5.jar:6.2.5]
	at jakarta.servlet.http.HttpServlet.service(HttpServlet.java:658) ~[tomcat-embed-core-10.1.39.jar:6.0]
	at org.apache.catalina.core.ApplicationFilterChain.internalDoFilter(ApplicationFilterChain.java:195) ~[tomcat-embed-core-10.1.39.jar:10.1.39]
	at org.apache.catalina.core.ApplicationFilterChain.doFilter(ApplicationFilterChain.java:140) ~[tomcat-embed-core-10.1.39.jar:10.1.39]
	at org.apache.tomcat.websocket.server.WsFilter.doFilter(WsFilter.java:51) ~[tomcat-embed-websocket-10.1.39.jar:10.1.39]
	at org.apache.catalina.core.ApplicationFilterChain.internalDoFilter(ApplicationFilterChain.java:164) ~[tomcat-embed-core-10.1.39.jar:10.1.39]
	at org.apache.catalina.core.ApplicationFilterChain.doFilter(ApplicationFilterChain.java:140) ~[tomcat-embed-core-10.1.39.jar:10.1.39]
	at org.springframework.web.filter.RequestContextFilter.doFilterInternal(RequestContextFilter.java:100) ~[spring-web-6.2.5.jar:6.2.5]
	at org.springframework.web.filter.OncePerRequestFilter.doFilter(OncePerRequestFilter.java:116) ~[spring-web-6.2.5.jar:6.2.5]
	at org.apache.catalina.core.ApplicationFilterChain.internalDoFilter(ApplicationFilterChain.java:164) ~[tomcat-embed-core-10.1.39.jar:10.1.39]
	at org.apache.catalina.core.ApplicationFilterChain.doFilter(ApplicationFilterChain.java:140) ~[tomcat-embed-core-10.1.39.jar:10.1.39]
	at org.springframework.web.filter.FormContentFilter.doFilterInternal(FormContentFilter.java:93) ~[spring-web-6.2.5.jar:6.2.5]
	at org.springframework.web.filter.OncePerRequestFilter.doFilter(OncePerRequestFilter.java:116) ~[spring-web-6.2.5.jar:6.2.5]
	at org.apache.catalina.core.ApplicationFilterChain.internalDoFilter(ApplicationFilterChain.java:164) ~[tomcat-embed-core-10.1.39.jar:10.1.39]
	at org.apache.catalina.core.ApplicationFilterChain.doFilter(ApplicationFilterChain.java:140) ~[tomcat-embed-core-10.1.39.jar:10.1.39]
	at org.springframework.web.filter.CharacterEncodingFilter.doFilterInternal(CharacterEncodingFilter.java:201) ~[spring-web-6.2.5.jar:6.2.5]
	at org.springframework.web.filter.OncePerRequestFilter.doFilter(OncePerRequestFilter.java:116) ~[spring-web-6.2.5.jar:6.2.5]
	at org.apache.catalina.core.ApplicationFilterChain.internalDoFilter(ApplicationFilterChain.java:164) ~[tomcat-embed-core-10.1.39.jar:10.1.39]
	at org.apache.catalina.core.ApplicationFilterChain.doFilter(ApplicationFilterChain.java:140) ~[tomcat-embed-core-10.1.39.jar:10.1.39]
	at org.apache.catalina.core.StandardWrapperValve.invoke(StandardWrapperValve.java:167) ~[tomcat-embed-core-10.1.39.jar:10.1.39]
	at org.apache.catalina.core.StandardContextValve.invoke(StandardContextValve.java:90) ~[tomcat-embed-core-10.1.39.jar:10.1.39]
	at org.apache.catalina.authenticator.AuthenticatorBase.invoke(AuthenticatorBase.java:483) ~[tomcat-embed-core-10.1.39.jar:10.1.39]
	at org.apache.catalina.core.StandardHostValve.invoke(StandardHostValve.java:115) ~[tomcat-embed-core-10.1.39.jar:10.1.39]
	at org.apache.catalina.valves.ErrorReportValve.invoke(ErrorReportValve.java:93) ~[tomcat-embed-core-10.1.39.jar:10.1.39]
	at org.apache.catalina.core.StandardEngineValve.invoke(StandardEngineValve.java:74) ~[tomcat-embed-core-10.1.39.jar:10.1.39]
	at org.apache.catalina.connector.CoyoteAdapter.service(CoyoteAdapter.java:344) ~[tomcat-embed-core-10.1.39.jar:10.1.39]
	at org.apache.coyote.http11.Http11Processor.service(Http11Processor.java:397) ~[tomcat-embed-core-10.1.39.jar:10.1.39]
	at org.apache.coyote.AbstractProcessorLight.process(AbstractProcessorLight.java:63) ~[tomcat-embed-core-10.1.39.jar:10.1.39]
	at org.apache.coyote.AbstractProtocol$ConnectionHandler.process(AbstractProtocol.java:905) ~[tomcat-embed-core-10.1.39.jar:10.1.39]
	at org.apache.tomcat.util.net.NioEndpoint$SocketProcessor.doRun(NioEndpoint.java:1743) ~[tomcat-embed-core-10.1.39.jar:10.1.39]
	at org.apache.tomcat.util.net.SocketProcessorBase.run(SocketProcessorBase.java:52) ~[tomcat-embed-core-10.1.39.jar:10.1.39]
	at org.apache.tomcat.util.threads.ThreadPoolExecutor.runWorker(ThreadPoolExecutor.java:1190) ~[tomcat-embed-core-10.1.39.jar:10.1.39]
	at org.apache.tomcat.util.threads.ThreadPoolExecutor$Worker.run(ThreadPoolExecutor.java:659) ~[tomcat-embed-core-10.1.39.jar:10.1.39]
	at org.apache.tomcat.util.threads.TaskThread$WrappingRunnable.run(TaskThread.java:63) ~[tomcat-embed-core-10.1.39.jar:10.1.39]
	at java.base/java.lang.Thread.run(Thread.java:1575) ~[na:na]

2025-05-06T10:59:14.287+02:00  INFO 35316 --- [PayMyBuddy] [SpringApplicationShutdownHook] o.s.b.w.e.tomcat.GracefulShutdown        : Commencing graceful shutdown. Waiting for active requests to complete
2025-05-06T10:59:14.295+02:00  INFO 35316 --- [PayMyBuddy] [tomcat-shutdown] o.s.b.w.e.tomcat.GracefulShutdown        : Graceful shutdown complete
2025-05-06T10:59:14.331+02:00  INFO 35316 --- [PayMyBuddy] [SpringApplicationShutdownHook] j.LocalContainerEntityManagerFactoryBean : Closing JPA EntityManagerFactory for persistence unit 'default'
2025-05-06T10:59:14.333+02:00  INFO 35316 --- [PayMyBuddy] [SpringApplicationShutdownHook] com.zaxxer.hikari.HikariDataSource       : HikariPool-1 - Shutdown initiated...
2025-05-06T10:59:14.343+02:00  INFO 35316 --- [PayMyBuddy] [SpringApplicationShutdownHook] com.zaxxer.hikari.HikariDataSource       : HikariPool-1 - Shutdown completed.
2025-05-06T10:59:22.103+02:00  INFO 29160 --- [PayMyBuddy] [main] c.o.PayMyBuddy.PayMyBuddyApplication     : Starting PayMyBuddyApplication using Java 23 with PID 29160 (C:\Users\duckl\Desktop\OpenClassrooms\FormationJava2024\PROJET#6\PayMyBuddy\target\classes started by duckl in C:\Users\duckl\Desktop\OpenClassrooms\FormationJava2024\PROJET#6\PayMyBuddy)
2025-05-06T10:59:22.105+02:00  INFO 29160 --- [PayMyBuddy] [main] c.o.PayMyBuddy.PayMyBuddyApplication     : No active profile set, falling back to 1 default profile: "default"
2025-05-06T10:59:22.914+02:00  INFO 29160 --- [PayMyBuddy] [main] .s.d.r.c.RepositoryConfigurationDelegate : Bootstrapping Spring Data JPA repositories in DEFAULT mode.
2025-05-06T10:59:23.099+02:00  INFO 29160 --- [PayMyBuddy] [main] .s.d.r.c.RepositoryConfigurationDelegate : Finished Spring Data repository scanning in 172 ms. Found 3 JPA repository interfaces.
2025-05-06T10:59:23.791+02:00  INFO 29160 --- [PayMyBuddy] [main] o.s.b.w.embedded.tomcat.TomcatWebServer  : Tomcat initialized with port 8080 (http)
2025-05-06T10:59:23.810+02:00  INFO 29160 --- [PayMyBuddy] [main] o.apache.catalina.core.StandardService   : Starting service [Tomcat]
2025-05-06T10:59:23.811+02:00  INFO 29160 --- [PayMyBuddy] [main] o.apache.catalina.core.StandardEngine    : Starting Servlet engine: [Apache Tomcat/10.1.39]
2025-05-06T10:59:23.891+02:00  INFO 29160 --- [PayMyBuddy] [main] o.a.c.c.C.[Tomcat].[localhost].[/]       : Initializing Spring embedded WebApplicationContext
2025-05-06T10:59:23.891+02:00  INFO 29160 --- [PayMyBuddy] [main] w.s.c.ServletWebServerApplicationContext : Root WebApplicationContext: initialization completed in 1715 ms
2025-05-06T10:59:24.042+02:00  INFO 29160 --- [PayMyBuddy] [main] com.zaxxer.hikari.HikariDataSource       : HikariPool-1 - Starting...
2025-05-06T10:59:24.523+02:00  INFO 29160 --- [PayMyBuddy] [main] com.zaxxer.hikari.pool.HikariPool        : HikariPool-1 - Added connection com.mysql.cj.jdbc.ConnectionImpl@597d48ca
2025-05-06T10:59:24.525+02:00  INFO 29160 --- [PayMyBuddy] [main] com.zaxxer.hikari.HikariDataSource       : HikariPool-1 - Start completed.
2025-05-06T10:59:24.596+02:00  INFO 29160 --- [PayMyBuddy] [main] o.hibernate.jpa.internal.util.LogHelper  : HHH000204: Processing PersistenceUnitInfo [name: default]
2025-05-06T10:59:24.670+02:00  INFO 29160 --- [PayMyBuddy] [main] org.hibernate.Version                    : HHH000412: Hibernate ORM core version 6.6.11.Final
2025-05-06T10:59:24.725+02:00  INFO 29160 --- [PayMyBuddy] [main] o.h.c.internal.RegionFactoryInitiator    : HHH000026: Second-level cache disabled
2025-05-06T10:59:25.119+02:00  INFO 29160 --- [PayMyBuddy] [main] o.s.o.j.p.SpringPersistenceUnitInfo      : No LoadTimeWeaver setup: ignoring JPA class transformer
2025-05-06T10:59:25.247+02:00  INFO 29160 --- [PayMyBuddy] [main] org.hibernate.orm.connections.pooling    : HHH10001005: Database info:
	Database JDBC URL [Connecting through datasource 'HikariDataSource (HikariPool-1)']
	Database driver: undefined/unknown
	Database version: 9.1
	Autocommit mode: undefined/unknown
	Isolation level: undefined/unknown
	Minimum pool size: undefined/unknown
	Maximum pool size: undefined/unknown
2025-05-06T10:59:26.274+02:00  INFO 29160 --- [PayMyBuddy] [main] o.h.e.t.j.p.i.JtaPlatformInitiator       : HHH000489: No JTA platform available (set 'hibernate.transaction.jta.platform' to enable JTA platform integration)
2025-05-06T10:59:26.278+02:00  INFO 29160 --- [PayMyBuddy] [main] j.LocalContainerEntityManagerFactoryBean : Initialized JPA EntityManagerFactory for persistence unit 'default'
2025-05-06T10:59:26.576+02:00  INFO 29160 --- [PayMyBuddy] [main] o.s.d.j.r.query.QueryEnhancerFactory     : Hibernate is in classpath; If applicable, HQL parser will be used.
2025-05-06T10:59:26.941+02:00  WARN 29160 --- [PayMyBuddy] [main] JpaBaseConfiguration$JpaWebConfiguration : spring.jpa.open-in-view is enabled by default. Therefore, database queries may be performed during view rendering. Explicitly configure spring.jpa.open-in-view to disable this warning
2025-05-06T10:59:27.306+02:00  INFO 29160 --- [PayMyBuddy] [main] o.s.b.w.embedded.tomcat.TomcatWebServer  : Tomcat started on port 8080 (http) with context path '/'
2025-05-06T10:59:27.314+02:00  INFO 29160 --- [PayMyBuddy] [main] c.o.PayMyBuddy.PayMyBuddyApplication     : Started PayMyBuddyApplication in 5.842 seconds (process running for 6.35)
2025-05-06T10:59:34.542+02:00  INFO 29160 --- [PayMyBuddy] [http-nio-8080-exec-1] o.a.c.c.C.[Tomcat].[localhost].[/]       : Initializing Spring DispatcherServlet 'dispatcherServlet'
2025-05-06T10:59:34.542+02:00  INFO 29160 --- [PayMyBuddy] [http-nio-8080-exec-1] o.s.web.servlet.DispatcherServlet        : Initializing Servlet 'dispatcherServlet'
2025-05-06T10:59:34.544+02:00  INFO 29160 --- [PayMyBuddy] [http-nio-8080-exec-1] o.s.web.servlet.DispatcherServlet        : Completed initialization in 1 ms
2025-05-06T10:59:45.455+02:00 ERROR 29160 --- [PayMyBuddy] [http-nio-8080-exec-5] c.o.P.controller.UserController          : /signup/save - 500: 

java.lang.Exception: Could not modify User
	at com.openclassrooms.PayMyBuddy.controller.UserController.updateProfile(UserController.java:203) ~[classes/:na]
	at java.base/jdk.internal.reflect.DirectMethodHandleAccessor.invoke(DirectMethodHandleAccessor.java:103) ~[na:na]
	at java.base/java.lang.reflect.Method.invoke(Method.java:580) ~[na:na]
	at org.springframework.web.method.support.InvocableHandlerMethod.doInvoke(InvocableHandlerMethod.java:258) ~[spring-web-6.2.5.jar:6.2.5]
	at org.springframework.web.method.support.InvocableHandlerMethod.invokeForRequest(InvocableHandlerMethod.java:191) ~[spring-web-6.2.5.jar:6.2.5]
	at org.springframework.web.servlet.mvc.method.annotation.ServletInvocableHandlerMethod.invokeAndHandle(ServletInvocableHandlerMethod.java:118) ~[spring-webmvc-6.2.5.jar:6.2.5]
	at org.springframework.web.servlet.mvc.method.annotation.RequestMappingHandlerAdapter.invokeHandlerMethod(RequestMappingHandlerAdapter.java:986) ~[spring-webmvc-6.2.5.jar:6.2.5]
	at org.springframework.web.servlet.mvc.method.annotation.RequestMappingHandlerAdapter.handleInternal(RequestMappingHandlerAdapter.java:891) ~[spring-webmvc-6.2.5.jar:6.2.5]
	at org.springframework.web.servlet.mvc.method.AbstractHandlerMethodAdapter.handle(AbstractHandlerMethodAdapter.java:87) ~[spring-webmvc-6.2.5.jar:6.2.5]
	at org.springframework.web.servlet.DispatcherServlet.doDispatch(DispatcherServlet.java:1089) ~[spring-webmvc-6.2.5.jar:6.2.5]
	at org.springframework.web.servlet.DispatcherServlet.doService(DispatcherServlet.java:979) ~[spring-webmvc-6.2.5.jar:6.2.5]
	at org.springframework.web.servlet.FrameworkServlet.processRequest(FrameworkServlet.java:1014) ~[spring-webmvc-6.2.5.jar:6.2.5]
	at org.springframework.web.servlet.FrameworkServlet.doPost(FrameworkServlet.java:914) ~[spring-webmvc-6.2.5.jar:6.2.5]
	at jakarta.servlet.http.HttpServlet.service(HttpServlet.java:590) ~[tomcat-embed-core-10.1.39.jar:6.0]
	at org.springframework.web.servlet.FrameworkServlet.service(FrameworkServlet.java:885) ~[spring-webmvc-6.2.5.jar:6.2.5]
	at jakarta.servlet.http.HttpServlet.service(HttpServlet.java:658) ~[tomcat-embed-core-10.1.39.jar:6.0]
	at org.apache.catalina.core.ApplicationFilterChain.internalDoFilter(ApplicationFilterChain.java:195) ~[tomcat-embed-core-10.1.39.jar:10.1.39]
	at org.apache.catalina.core.ApplicationFilterChain.doFilter(ApplicationFilterChain.java:140) ~[tomcat-embed-core-10.1.39.jar:10.1.39]
	at org.apache.tomcat.websocket.server.WsFilter.doFilter(WsFilter.java:51) ~[tomcat-embed-websocket-10.1.39.jar:10.1.39]
	at org.apache.catalina.core.ApplicationFilterChain.internalDoFilter(ApplicationFilterChain.java:164) ~[tomcat-embed-core-10.1.39.jar:10.1.39]
	at org.apache.catalina.core.ApplicationFilterChain.doFilter(ApplicationFilterChain.java:140) ~[tomcat-embed-core-10.1.39.jar:10.1.39]
	at org.springframework.web.filter.RequestContextFilter.doFilterInternal(RequestContextFilter.java:100) ~[spring-web-6.2.5.jar:6.2.5]
	at org.springframework.web.filter.OncePerRequestFilter.doFilter(OncePerRequestFilter.java:116) ~[spring-web-6.2.5.jar:6.2.5]
	at org.apache.catalina.core.ApplicationFilterChain.internalDoFilter(ApplicationFilterChain.java:164) ~[tomcat-embed-core-10.1.39.jar:10.1.39]
	at org.apache.catalina.core.ApplicationFilterChain.doFilter(ApplicationFilterChain.java:140) ~[tomcat-embed-core-10.1.39.jar:10.1.39]
	at org.springframework.web.filter.FormContentFilter.doFilterInternal(FormContentFilter.java:93) ~[spring-web-6.2.5.jar:6.2.5]
	at org.springframework.web.filter.OncePerRequestFilter.doFilter(OncePerRequestFilter.java:116) ~[spring-web-6.2.5.jar:6.2.5]
	at org.apache.catalina.core.ApplicationFilterChain.internalDoFilter(ApplicationFilterChain.java:164) ~[tomcat-embed-core-10.1.39.jar:10.1.39]
	at org.apache.catalina.core.ApplicationFilterChain.doFilter(ApplicationFilterChain.java:140) ~[tomcat-embed-core-10.1.39.jar:10.1.39]
	at org.springframework.web.filter.CharacterEncodingFilter.doFilterInternal(CharacterEncodingFilter.java:201) ~[spring-web-6.2.5.jar:6.2.5]
	at org.springframework.web.filter.OncePerRequestFilter.doFilter(OncePerRequestFilter.java:116) ~[spring-web-6.2.5.jar:6.2.5]
	at org.apache.catalina.core.ApplicationFilterChain.internalDoFilter(ApplicationFilterChain.java:164) ~[tomcat-embed-core-10.1.39.jar:10.1.39]
	at org.apache.catalina.core.ApplicationFilterChain.doFilter(ApplicationFilterChain.java:140) ~[tomcat-embed-core-10.1.39.jar:10.1.39]
	at org.apache.catalina.core.StandardWrapperValve.invoke(StandardWrapperValve.java:167) ~[tomcat-embed-core-10.1.39.jar:10.1.39]
	at org.apache.catalina.core.StandardContextValve.invoke(StandardContextValve.java:90) ~[tomcat-embed-core-10.1.39.jar:10.1.39]
	at org.apache.catalina.authenticator.AuthenticatorBase.invoke(AuthenticatorBase.java:483) ~[tomcat-embed-core-10.1.39.jar:10.1.39]
	at org.apache.catalina.core.StandardHostValve.invoke(StandardHostValve.java:115) ~[tomcat-embed-core-10.1.39.jar:10.1.39]
	at org.apache.catalina.valves.ErrorReportValve.invoke(ErrorReportValve.java:93) ~[tomcat-embed-core-10.1.39.jar:10.1.39]
	at org.apache.catalina.core.StandardEngineValve.invoke(StandardEngineValve.java:74) ~[tomcat-embed-core-10.1.39.jar:10.1.39]
	at org.apache.catalina.connector.CoyoteAdapter.service(CoyoteAdapter.java:344) ~[tomcat-embed-core-10.1.39.jar:10.1.39]
	at org.apache.coyote.http11.Http11Processor.service(Http11Processor.java:397) ~[tomcat-embed-core-10.1.39.jar:10.1.39]
	at org.apache.coyote.AbstractProcessorLight.process(AbstractProcessorLight.java:63) ~[tomcat-embed-core-10.1.39.jar:10.1.39]
	at org.apache.coyote.AbstractProtocol$ConnectionHandler.process(AbstractProtocol.java:905) ~[tomcat-embed-core-10.1.39.jar:10.1.39]
	at org.apache.tomcat.util.net.NioEndpoint$SocketProcessor.doRun(NioEndpoint.java:1743) ~[tomcat-embed-core-10.1.39.jar:10.1.39]
	at org.apache.tomcat.util.net.SocketProcessorBase.run(SocketProcessorBase.java:52) ~[tomcat-embed-core-10.1.39.jar:10.1.39]
	at org.apache.tomcat.util.threads.ThreadPoolExecutor.runWorker(ThreadPoolExecutor.java:1190) ~[tomcat-embed-core-10.1.39.jar:10.1.39]
	at org.apache.tomcat.util.threads.ThreadPoolExecutor$Worker.run(ThreadPoolExecutor.java:659) ~[tomcat-embed-core-10.1.39.jar:10.1.39]
	at org.apache.tomcat.util.threads.TaskThread$WrappingRunnable.run(TaskThread.java:63) ~[tomcat-embed-core-10.1.39.jar:10.1.39]
	at java.base/java.lang.Thread.run(Thread.java:1575) ~[na:na]

2025-05-06T11:01:00.767+02:00  INFO 29160 --- [PayMyBuddy] [SpringApplicationShutdownHook] o.s.b.w.e.tomcat.GracefulShutdown        : Commencing graceful shutdown. Waiting for active requests to complete
2025-05-06T11:01:00.774+02:00  INFO 29160 --- [PayMyBuddy] [tomcat-shutdown] o.s.b.w.e.tomcat.GracefulShutdown        : Graceful shutdown complete
2025-05-06T11:01:00.806+02:00  INFO 29160 --- [PayMyBuddy] [SpringApplicationShutdownHook] j.LocalContainerEntityManagerFactoryBean : Closing JPA EntityManagerFactory for persistence unit 'default'
2025-05-06T11:01:00.809+02:00  INFO 29160 --- [PayMyBuddy] [SpringApplicationShutdownHook] com.zaxxer.hikari.HikariDataSource       : HikariPool-1 - Shutdown initiated...
2025-05-06T11:01:00.817+02:00  INFO 29160 --- [PayMyBuddy] [SpringApplicationShutdownHook] com.zaxxer.hikari.HikariDataSource       : HikariPool-1 - Shutdown completed.
2025-05-06T11:01:08.456+02:00  INFO 22924 --- [PayMyBuddy] [main] c.o.PayMyBuddy.PayMyBuddyApplication     : Starting PayMyBuddyApplication using Java 23 with PID 22924 (C:\Users\duckl\Desktop\OpenClassrooms\FormationJava2024\PROJET#6\PayMyBuddy\target\classes started by duckl in C:\Users\duckl\Desktop\OpenClassrooms\FormationJava2024\PROJET#6\PayMyBuddy)
2025-05-06T11:01:08.460+02:00  INFO 22924 --- [PayMyBuddy] [main] c.o.PayMyBuddy.PayMyBuddyApplication     : No active profile set, falling back to 1 default profile: "default"
2025-05-06T11:01:09.254+02:00  INFO 22924 --- [PayMyBuddy] [main] .s.d.r.c.RepositoryConfigurationDelegate : Bootstrapping Spring Data JPA repositories in DEFAULT mode.
2025-05-06T11:01:09.447+02:00  INFO 22924 --- [PayMyBuddy] [main] .s.d.r.c.RepositoryConfigurationDelegate : Finished Spring Data repository scanning in 182 ms. Found 3 JPA repository interfaces.
2025-05-06T11:01:10.155+02:00  INFO 22924 --- [PayMyBuddy] [main] o.s.b.w.embedded.tomcat.TomcatWebServer  : Tomcat initialized with port 8080 (http)
2025-05-06T11:01:10.176+02:00  INFO 22924 --- [PayMyBuddy] [main] o.apache.catalina.core.StandardService   : Starting service [Tomcat]
2025-05-06T11:01:10.176+02:00  INFO 22924 --- [PayMyBuddy] [main] o.apache.catalina.core.StandardEngine    : Starting Servlet engine: [Apache Tomcat/10.1.39]
2025-05-06T11:01:10.257+02:00  INFO 22924 --- [PayMyBuddy] [main] o.a.c.c.C.[Tomcat].[localhost].[/]       : Initializing Spring embedded WebApplicationContext
2025-05-06T11:01:10.258+02:00  INFO 22924 --- [PayMyBuddy] [main] w.s.c.ServletWebServerApplicationContext : Root WebApplicationContext: initialization completed in 1728 ms
2025-05-06T11:01:10.410+02:00  INFO 22924 --- [PayMyBuddy] [main] com.zaxxer.hikari.HikariDataSource       : HikariPool-1 - Starting...
2025-05-06T11:01:10.879+02:00  INFO 22924 --- [PayMyBuddy] [main] com.zaxxer.hikari.pool.HikariPool        : HikariPool-1 - Added connection com.mysql.cj.jdbc.ConnectionImpl@2ab09943
2025-05-06T11:01:10.882+02:00  INFO 22924 --- [PayMyBuddy] [main] com.zaxxer.hikari.HikariDataSource       : HikariPool-1 - Start completed.
2025-05-06T11:01:10.958+02:00  INFO 22924 --- [PayMyBuddy] [main] o.hibernate.jpa.internal.util.LogHelper  : HHH000204: Processing PersistenceUnitInfo [name: default]
2025-05-06T11:01:11.035+02:00  INFO 22924 --- [PayMyBuddy] [main] org.hibernate.Version                    : HHH000412: Hibernate ORM core version 6.6.11.Final
2025-05-06T11:01:11.086+02:00  INFO 22924 --- [PayMyBuddy] [main] o.h.c.internal.RegionFactoryInitiator    : HHH000026: Second-level cache disabled
2025-05-06T11:01:11.478+02:00  INFO 22924 --- [PayMyBuddy] [main] o.s.o.j.p.SpringPersistenceUnitInfo      : No LoadTimeWeaver setup: ignoring JPA class transformer
2025-05-06T11:01:11.610+02:00  INFO 22924 --- [PayMyBuddy] [main] org.hibernate.orm.connections.pooling    : HHH10001005: Database info:
	Database JDBC URL [Connecting through datasource 'HikariDataSource (HikariPool-1)']
	Database driver: undefined/unknown
	Database version: 9.1
	Autocommit mode: undefined/unknown
	Isolation level: undefined/unknown
	Minimum pool size: undefined/unknown
	Maximum pool size: undefined/unknown
2025-05-06T11:01:12.634+02:00  INFO 22924 --- [PayMyBuddy] [main] o.h.e.t.j.p.i.JtaPlatformInitiator       : HHH000489: No JTA platform available (set 'hibernate.transaction.jta.platform' to enable JTA platform integration)
2025-05-06T11:01:12.639+02:00  INFO 22924 --- [PayMyBuddy] [main] j.LocalContainerEntityManagerFactoryBean : Initialized JPA EntityManagerFactory for persistence unit 'default'
2025-05-06T11:01:13.009+02:00  INFO 22924 --- [PayMyBuddy] [main] o.s.d.j.r.query.QueryEnhancerFactory     : Hibernate is in classpath; If applicable, HQL parser will be used.
2025-05-06T11:01:13.328+02:00  WARN 22924 --- [PayMyBuddy] [main] JpaBaseConfiguration$JpaWebConfiguration : spring.jpa.open-in-view is enabled by default. Therefore, database queries may be performed during view rendering. Explicitly configure spring.jpa.open-in-view to disable this warning
2025-05-06T11:01:13.696+02:00  INFO 22924 --- [PayMyBuddy] [main] o.s.b.w.embedded.tomcat.TomcatWebServer  : Tomcat started on port 8080 (http) with context path '/'
2025-05-06T11:01:13.704+02:00  INFO 22924 --- [PayMyBuddy] [main] c.o.PayMyBuddy.PayMyBuddyApplication     : Started PayMyBuddyApplication in 5.86 seconds (process running for 6.38)
2025-05-06T11:01:19.909+02:00  INFO 22924 --- [PayMyBuddy] [http-nio-8080-exec-1] o.a.c.c.C.[Tomcat].[localhost].[/]       : Initializing Spring DispatcherServlet 'dispatcherServlet'
2025-05-06T11:01:19.910+02:00  INFO 22924 --- [PayMyBuddy] [http-nio-8080-exec-1] o.s.web.servlet.DispatcherServlet        : Initializing Servlet 'dispatcherServlet'
2025-05-06T11:01:19.911+02:00  INFO 22924 --- [PayMyBuddy] [http-nio-8080-exec-1] o.s.web.servlet.DispatcherServlet        : Completed initialization in 1 ms
2025-05-06T11:01:26.489+02:00 ERROR 22924 --- [PayMyBuddy] [http-nio-8080-exec-6] c.o.P.controller.UserController          : /signup/save - 500: 

java.lang.Exception: Could not modify User
	at com.openclassrooms.PayMyBuddy.controller.UserController.updateProfile(UserController.java:207) ~[classes/:na]
	at java.base/jdk.internal.reflect.DirectMethodHandleAccessor.invoke(DirectMethodHandleAccessor.java:103) ~[na:na]
	at java.base/java.lang.reflect.Method.invoke(Method.java:580) ~[na:na]
	at org.springframework.web.method.support.InvocableHandlerMethod.doInvoke(InvocableHandlerMethod.java:258) ~[spring-web-6.2.5.jar:6.2.5]
	at org.springframework.web.method.support.InvocableHandlerMethod.invokeForRequest(InvocableHandlerMethod.java:191) ~[spring-web-6.2.5.jar:6.2.5]
	at org.springframework.web.servlet.mvc.method.annotation.ServletInvocableHandlerMethod.invokeAndHandle(ServletInvocableHandlerMethod.java:118) ~[spring-webmvc-6.2.5.jar:6.2.5]
	at org.springframework.web.servlet.mvc.method.annotation.RequestMappingHandlerAdapter.invokeHandlerMethod(RequestMappingHandlerAdapter.java:986) ~[spring-webmvc-6.2.5.jar:6.2.5]
	at org.springframework.web.servlet.mvc.method.annotation.RequestMappingHandlerAdapter.handleInternal(RequestMappingHandlerAdapter.java:891) ~[spring-webmvc-6.2.5.jar:6.2.5]
	at org.springframework.web.servlet.mvc.method.AbstractHandlerMethodAdapter.handle(AbstractHandlerMethodAdapter.java:87) ~[spring-webmvc-6.2.5.jar:6.2.5]
	at org.springframework.web.servlet.DispatcherServlet.doDispatch(DispatcherServlet.java:1089) ~[spring-webmvc-6.2.5.jar:6.2.5]
	at org.springframework.web.servlet.DispatcherServlet.doService(DispatcherServlet.java:979) ~[spring-webmvc-6.2.5.jar:6.2.5]
	at org.springframework.web.servlet.FrameworkServlet.processRequest(FrameworkServlet.java:1014) ~[spring-webmvc-6.2.5.jar:6.2.5]
	at org.springframework.web.servlet.FrameworkServlet.doPost(FrameworkServlet.java:914) ~[spring-webmvc-6.2.5.jar:6.2.5]
	at jakarta.servlet.http.HttpServlet.service(HttpServlet.java:590) ~[tomcat-embed-core-10.1.39.jar:6.0]
	at org.springframework.web.servlet.FrameworkServlet.service(FrameworkServlet.java:885) ~[spring-webmvc-6.2.5.jar:6.2.5]
	at jakarta.servlet.http.HttpServlet.service(HttpServlet.java:658) ~[tomcat-embed-core-10.1.39.jar:6.0]
	at org.apache.catalina.core.ApplicationFilterChain.internalDoFilter(ApplicationFilterChain.java:195) ~[tomcat-embed-core-10.1.39.jar:10.1.39]
	at org.apache.catalina.core.ApplicationFilterChain.doFilter(ApplicationFilterChain.java:140) ~[tomcat-embed-core-10.1.39.jar:10.1.39]
	at org.apache.tomcat.websocket.server.WsFilter.doFilter(WsFilter.java:51) ~[tomcat-embed-websocket-10.1.39.jar:10.1.39]
	at org.apache.catalina.core.ApplicationFilterChain.internalDoFilter(ApplicationFilterChain.java:164) ~[tomcat-embed-core-10.1.39.jar:10.1.39]
	at org.apache.catalina.core.ApplicationFilterChain.doFilter(ApplicationFilterChain.java:140) ~[tomcat-embed-core-10.1.39.jar:10.1.39]
	at org.springframework.web.filter.RequestContextFilter.doFilterInternal(RequestContextFilter.java:100) ~[spring-web-6.2.5.jar:6.2.5]
	at org.springframework.web.filter.OncePerRequestFilter.doFilter(OncePerRequestFilter.java:116) ~[spring-web-6.2.5.jar:6.2.5]
	at org.apache.catalina.core.ApplicationFilterChain.internalDoFilter(ApplicationFilterChain.java:164) ~[tomcat-embed-core-10.1.39.jar:10.1.39]
	at org.apache.catalina.core.ApplicationFilterChain.doFilter(ApplicationFilterChain.java:140) ~[tomcat-embed-core-10.1.39.jar:10.1.39]
	at org.springframework.web.filter.FormContentFilter.doFilterInternal(FormContentFilter.java:93) ~[spring-web-6.2.5.jar:6.2.5]
	at org.springframework.web.filter.OncePerRequestFilter.doFilter(OncePerRequestFilter.java:116) ~[spring-web-6.2.5.jar:6.2.5]
	at org.apache.catalina.core.ApplicationFilterChain.internalDoFilter(ApplicationFilterChain.java:164) ~[tomcat-embed-core-10.1.39.jar:10.1.39]
	at org.apache.catalina.core.ApplicationFilterChain.doFilter(ApplicationFilterChain.java:140) ~[tomcat-embed-core-10.1.39.jar:10.1.39]
	at org.springframework.web.filter.CharacterEncodingFilter.doFilterInternal(CharacterEncodingFilter.java:201) ~[spring-web-6.2.5.jar:6.2.5]
	at org.springframework.web.filter.OncePerRequestFilter.doFilter(OncePerRequestFilter.java:116) ~[spring-web-6.2.5.jar:6.2.5]
	at org.apache.catalina.core.ApplicationFilterChain.internalDoFilter(ApplicationFilterChain.java:164) ~[tomcat-embed-core-10.1.39.jar:10.1.39]
	at org.apache.catalina.core.ApplicationFilterChain.doFilter(ApplicationFilterChain.java:140) ~[tomcat-embed-core-10.1.39.jar:10.1.39]
	at org.apache.catalina.core.StandardWrapperValve.invoke(StandardWrapperValve.java:167) ~[tomcat-embed-core-10.1.39.jar:10.1.39]
	at org.apache.catalina.core.StandardContextValve.invoke(StandardContextValve.java:90) ~[tomcat-embed-core-10.1.39.jar:10.1.39]
	at org.apache.catalina.authenticator.AuthenticatorBase.invoke(AuthenticatorBase.java:483) ~[tomcat-embed-core-10.1.39.jar:10.1.39]
	at org.apache.catalina.core.StandardHostValve.invoke(StandardHostValve.java:115) ~[tomcat-embed-core-10.1.39.jar:10.1.39]
	at org.apache.catalina.valves.ErrorReportValve.invoke(ErrorReportValve.java:93) ~[tomcat-embed-core-10.1.39.jar:10.1.39]
	at org.apache.catalina.core.StandardEngineValve.invoke(StandardEngineValve.java:74) ~[tomcat-embed-core-10.1.39.jar:10.1.39]
	at org.apache.catalina.connector.CoyoteAdapter.service(CoyoteAdapter.java:344) ~[tomcat-embed-core-10.1.39.jar:10.1.39]
	at org.apache.coyote.http11.Http11Processor.service(Http11Processor.java:397) ~[tomcat-embed-core-10.1.39.jar:10.1.39]
	at org.apache.coyote.AbstractProcessorLight.process(AbstractProcessorLight.java:63) ~[tomcat-embed-core-10.1.39.jar:10.1.39]
	at org.apache.coyote.AbstractProtocol$ConnectionHandler.process(AbstractProtocol.java:905) ~[tomcat-embed-core-10.1.39.jar:10.1.39]
	at org.apache.tomcat.util.net.NioEndpoint$SocketProcessor.doRun(NioEndpoint.java:1743) ~[tomcat-embed-core-10.1.39.jar:10.1.39]
	at org.apache.tomcat.util.net.SocketProcessorBase.run(SocketProcessorBase.java:52) ~[tomcat-embed-core-10.1.39.jar:10.1.39]
	at org.apache.tomcat.util.threads.ThreadPoolExecutor.runWorker(ThreadPoolExecutor.java:1190) ~[tomcat-embed-core-10.1.39.jar:10.1.39]
	at org.apache.tomcat.util.threads.ThreadPoolExecutor$Worker.run(ThreadPoolExecutor.java:659) ~[tomcat-embed-core-10.1.39.jar:10.1.39]
	at org.apache.tomcat.util.threads.TaskThread$WrappingRunnable.run(TaskThread.java:63) ~[tomcat-embed-core-10.1.39.jar:10.1.39]
	at java.base/java.lang.Thread.run(Thread.java:1575) ~[na:na]

2025-05-06T11:02:16.991+02:00  INFO 22924 --- [PayMyBuddy] [SpringApplicationShutdownHook] o.s.b.w.e.tomcat.GracefulShutdown        : Commencing graceful shutdown. Waiting for active requests to complete
2025-05-06T11:02:16.997+02:00  INFO 22924 --- [PayMyBuddy] [tomcat-shutdown] o.s.b.w.e.tomcat.GracefulShutdown        : Graceful shutdown complete
2025-05-06T11:02:17.032+02:00  INFO 22924 --- [PayMyBuddy] [SpringApplicationShutdownHook] j.LocalContainerEntityManagerFactoryBean : Closing JPA EntityManagerFactory for persistence unit 'default'
2025-05-06T11:02:17.035+02:00  INFO 22924 --- [PayMyBuddy] [SpringApplicationShutdownHook] com.zaxxer.hikari.HikariDataSource       : HikariPool-1 - Shutdown initiated...
2025-05-06T11:02:17.044+02:00  INFO 22924 --- [PayMyBuddy] [SpringApplicationShutdownHook] com.zaxxer.hikari.HikariDataSource       : HikariPool-1 - Shutdown completed.
2025-05-06T11:02:24.318+02:00  INFO 17036 --- [PayMyBuddy] [main] c.o.PayMyBuddy.PayMyBuddyApplication     : Starting PayMyBuddyApplication using Java 23 with PID 17036 (C:\Users\duckl\Desktop\OpenClassrooms\FormationJava2024\PROJET#6\PayMyBuddy\target\classes started by duckl in C:\Users\duckl\Desktop\OpenClassrooms\FormationJava2024\PROJET#6\PayMyBuddy)
2025-05-06T11:02:24.320+02:00  INFO 17036 --- [PayMyBuddy] [main] c.o.PayMyBuddy.PayMyBuddyApplication     : No active profile set, falling back to 1 default profile: "default"
2025-05-06T11:02:25.122+02:00  INFO 17036 --- [PayMyBuddy] [main] .s.d.r.c.RepositoryConfigurationDelegate : Bootstrapping Spring Data JPA repositories in DEFAULT mode.
2025-05-06T11:02:25.307+02:00  INFO 17036 --- [PayMyBuddy] [main] .s.d.r.c.RepositoryConfigurationDelegate : Finished Spring Data repository scanning in 173 ms. Found 3 JPA repository interfaces.
2025-05-06T11:02:25.995+02:00  INFO 17036 --- [PayMyBuddy] [main] o.s.b.w.embedded.tomcat.TomcatWebServer  : Tomcat initialized with port 8080 (http)
2025-05-06T11:02:26.021+02:00  INFO 17036 --- [PayMyBuddy] [main] o.apache.catalina.core.StandardService   : Starting service [Tomcat]
2025-05-06T11:02:26.021+02:00  INFO 17036 --- [PayMyBuddy] [main] o.apache.catalina.core.StandardEngine    : Starting Servlet engine: [Apache Tomcat/10.1.39]
2025-05-06T11:02:26.102+02:00  INFO 17036 --- [PayMyBuddy] [main] o.a.c.c.C.[Tomcat].[localhost].[/]       : Initializing Spring embedded WebApplicationContext
2025-05-06T11:02:26.103+02:00  INFO 17036 --- [PayMyBuddy] [main] w.s.c.ServletWebServerApplicationContext : Root WebApplicationContext: initialization completed in 1714 ms
2025-05-06T11:02:26.250+02:00  INFO 17036 --- [PayMyBuddy] [main] com.zaxxer.hikari.HikariDataSource       : HikariPool-1 - Starting...
2025-05-06T11:02:26.716+02:00  INFO 17036 --- [PayMyBuddy] [main] com.zaxxer.hikari.pool.HikariPool        : HikariPool-1 - Added connection com.mysql.cj.jdbc.ConnectionImpl@18a98913
2025-05-06T11:02:26.719+02:00  INFO 17036 --- [PayMyBuddy] [main] com.zaxxer.hikari.HikariDataSource       : HikariPool-1 - Start completed.
2025-05-06T11:02:26.787+02:00  INFO 17036 --- [PayMyBuddy] [main] o.hibernate.jpa.internal.util.LogHelper  : HHH000204: Processing PersistenceUnitInfo [name: default]
2025-05-06T11:02:26.860+02:00  INFO 17036 --- [PayMyBuddy] [main] org.hibernate.Version                    : HHH000412: Hibernate ORM core version 6.6.11.Final
2025-05-06T11:02:26.909+02:00  INFO 17036 --- [PayMyBuddy] [main] o.h.c.internal.RegionFactoryInitiator    : HHH000026: Second-level cache disabled
2025-05-06T11:02:27.292+02:00  INFO 17036 --- [PayMyBuddy] [main] o.s.o.j.p.SpringPersistenceUnitInfo      : No LoadTimeWeaver setup: ignoring JPA class transformer
2025-05-06T11:02:27.417+02:00  INFO 17036 --- [PayMyBuddy] [main] org.hibernate.orm.connections.pooling    : HHH10001005: Database info:
	Database JDBC URL [Connecting through datasource 'HikariDataSource (HikariPool-1)']
	Database driver: undefined/unknown
	Database version: 9.1
	Autocommit mode: undefined/unknown
	Isolation level: undefined/unknown
	Minimum pool size: undefined/unknown
	Maximum pool size: undefined/unknown
2025-05-06T11:02:28.429+02:00  INFO 17036 --- [PayMyBuddy] [main] o.h.e.t.j.p.i.JtaPlatformInitiator       : HHH000489: No JTA platform available (set 'hibernate.transaction.jta.platform' to enable JTA platform integration)
2025-05-06T11:02:28.434+02:00  INFO 17036 --- [PayMyBuddy] [main] j.LocalContainerEntityManagerFactoryBean : Initialized JPA EntityManagerFactory for persistence unit 'default'
2025-05-06T11:02:28.781+02:00  INFO 17036 --- [PayMyBuddy] [main] o.s.d.j.r.query.QueryEnhancerFactory     : Hibernate is in classpath; If applicable, HQL parser will be used.
2025-05-06T11:02:29.082+02:00  WARN 17036 --- [PayMyBuddy] [main] JpaBaseConfiguration$JpaWebConfiguration : spring.jpa.open-in-view is enabled by default. Therefore, database queries may be performed during view rendering. Explicitly configure spring.jpa.open-in-view to disable this warning
2025-05-06T11:02:29.447+02:00  INFO 17036 --- [PayMyBuddy] [main] o.s.b.w.embedded.tomcat.TomcatWebServer  : Tomcat started on port 8080 (http) with context path '/'
2025-05-06T11:02:29.456+02:00  INFO 17036 --- [PayMyBuddy] [main] c.o.PayMyBuddy.PayMyBuddyApplication     : Started PayMyBuddyApplication in 5.733 seconds (process running for 6.227)
2025-05-06T11:02:50.472+02:00  INFO 17036 --- [PayMyBuddy] [http-nio-8080-exec-1] o.a.c.c.C.[Tomcat].[localhost].[/]       : Initializing Spring DispatcherServlet 'dispatcherServlet'
2025-05-06T11:02:50.473+02:00  INFO 17036 --- [PayMyBuddy] [http-nio-8080-exec-1] o.s.web.servlet.DispatcherServlet        : Initializing Servlet 'dispatcherServlet'
2025-05-06T11:02:50.474+02:00  INFO 17036 --- [PayMyBuddy] [http-nio-8080-exec-1] o.s.web.servlet.DispatcherServlet        : Completed initialization in 1 ms
2025-05-06T11:02:57.152+02:00 ERROR 17036 --- [PayMyBuddy] [http-nio-8080-exec-6] c.o.P.controller.UserController          : /signup/save - 500: 

java.lang.Exception: Could not modify User
	at com.openclassrooms.PayMyBuddy.controller.UserController.updateProfile(UserController.java:207) ~[classes/:na]
	at java.base/jdk.internal.reflect.DirectMethodHandleAccessor.invoke(DirectMethodHandleAccessor.java:103) ~[na:na]
	at java.base/java.lang.reflect.Method.invoke(Method.java:580) ~[na:na]
	at org.springframework.web.method.support.InvocableHandlerMethod.doInvoke(InvocableHandlerMethod.java:258) ~[spring-web-6.2.5.jar:6.2.5]
	at org.springframework.web.method.support.InvocableHandlerMethod.invokeForRequest(InvocableHandlerMethod.java:191) ~[spring-web-6.2.5.jar:6.2.5]
	at org.springframework.web.servlet.mvc.method.annotation.ServletInvocableHandlerMethod.invokeAndHandle(ServletInvocableHandlerMethod.java:118) ~[spring-webmvc-6.2.5.jar:6.2.5]
	at org.springframework.web.servlet.mvc.method.annotation.RequestMappingHandlerAdapter.invokeHandlerMethod(RequestMappingHandlerAdapter.java:986) ~[spring-webmvc-6.2.5.jar:6.2.5]
	at org.springframework.web.servlet.mvc.method.annotation.RequestMappingHandlerAdapter.handleInternal(RequestMappingHandlerAdapter.java:891) ~[spring-webmvc-6.2.5.jar:6.2.5]
	at org.springframework.web.servlet.mvc.method.AbstractHandlerMethodAdapter.handle(AbstractHandlerMethodAdapter.java:87) ~[spring-webmvc-6.2.5.jar:6.2.5]
	at org.springframework.web.servlet.DispatcherServlet.doDispatch(DispatcherServlet.java:1089) ~[spring-webmvc-6.2.5.jar:6.2.5]
	at org.springframework.web.servlet.DispatcherServlet.doService(DispatcherServlet.java:979) ~[spring-webmvc-6.2.5.jar:6.2.5]
	at org.springframework.web.servlet.FrameworkServlet.processRequest(FrameworkServlet.java:1014) ~[spring-webmvc-6.2.5.jar:6.2.5]
	at org.springframework.web.servlet.FrameworkServlet.doPost(FrameworkServlet.java:914) ~[spring-webmvc-6.2.5.jar:6.2.5]
	at jakarta.servlet.http.HttpServlet.service(HttpServlet.java:590) ~[tomcat-embed-core-10.1.39.jar:6.0]
	at org.springframework.web.servlet.FrameworkServlet.service(FrameworkServlet.java:885) ~[spring-webmvc-6.2.5.jar:6.2.5]
	at jakarta.servlet.http.HttpServlet.service(HttpServlet.java:658) ~[tomcat-embed-core-10.1.39.jar:6.0]
	at org.apache.catalina.core.ApplicationFilterChain.internalDoFilter(ApplicationFilterChain.java:195) ~[tomcat-embed-core-10.1.39.jar:10.1.39]
	at org.apache.catalina.core.ApplicationFilterChain.doFilter(ApplicationFilterChain.java:140) ~[tomcat-embed-core-10.1.39.jar:10.1.39]
	at org.apache.tomcat.websocket.server.WsFilter.doFilter(WsFilter.java:51) ~[tomcat-embed-websocket-10.1.39.jar:10.1.39]
	at org.apache.catalina.core.ApplicationFilterChain.internalDoFilter(ApplicationFilterChain.java:164) ~[tomcat-embed-core-10.1.39.jar:10.1.39]
	at org.apache.catalina.core.ApplicationFilterChain.doFilter(ApplicationFilterChain.java:140) ~[tomcat-embed-core-10.1.39.jar:10.1.39]
	at org.springframework.web.filter.RequestContextFilter.doFilterInternal(RequestContextFilter.java:100) ~[spring-web-6.2.5.jar:6.2.5]
	at org.springframework.web.filter.OncePerRequestFilter.doFilter(OncePerRequestFilter.java:116) ~[spring-web-6.2.5.jar:6.2.5]
	at org.apache.catalina.core.ApplicationFilterChain.internalDoFilter(ApplicationFilterChain.java:164) ~[tomcat-embed-core-10.1.39.jar:10.1.39]
	at org.apache.catalina.core.ApplicationFilterChain.doFilter(ApplicationFilterChain.java:140) ~[tomcat-embed-core-10.1.39.jar:10.1.39]
	at org.springframework.web.filter.FormContentFilter.doFilterInternal(FormContentFilter.java:93) ~[spring-web-6.2.5.jar:6.2.5]
	at org.springframework.web.filter.OncePerRequestFilter.doFilter(OncePerRequestFilter.java:116) ~[spring-web-6.2.5.jar:6.2.5]
	at org.apache.catalina.core.ApplicationFilterChain.internalDoFilter(ApplicationFilterChain.java:164) ~[tomcat-embed-core-10.1.39.jar:10.1.39]
	at org.apache.catalina.core.ApplicationFilterChain.doFilter(ApplicationFilterChain.java:140) ~[tomcat-embed-core-10.1.39.jar:10.1.39]
	at org.springframework.web.filter.CharacterEncodingFilter.doFilterInternal(CharacterEncodingFilter.java:201) ~[spring-web-6.2.5.jar:6.2.5]
	at org.springframework.web.filter.OncePerRequestFilter.doFilter(OncePerRequestFilter.java:116) ~[spring-web-6.2.5.jar:6.2.5]
	at org.apache.catalina.core.ApplicationFilterChain.internalDoFilter(ApplicationFilterChain.java:164) ~[tomcat-embed-core-10.1.39.jar:10.1.39]
	at org.apache.catalina.core.ApplicationFilterChain.doFilter(ApplicationFilterChain.java:140) ~[tomcat-embed-core-10.1.39.jar:10.1.39]
	at org.apache.catalina.core.StandardWrapperValve.invoke(StandardWrapperValve.java:167) ~[tomcat-embed-core-10.1.39.jar:10.1.39]
	at org.apache.catalina.core.StandardContextValve.invoke(StandardContextValve.java:90) ~[tomcat-embed-core-10.1.39.jar:10.1.39]
	at org.apache.catalina.authenticator.AuthenticatorBase.invoke(AuthenticatorBase.java:483) ~[tomcat-embed-core-10.1.39.jar:10.1.39]
	at org.apache.catalina.core.StandardHostValve.invoke(StandardHostValve.java:115) ~[tomcat-embed-core-10.1.39.jar:10.1.39]
	at org.apache.catalina.valves.ErrorReportValve.invoke(ErrorReportValve.java:93) ~[tomcat-embed-core-10.1.39.jar:10.1.39]
	at org.apache.catalina.core.StandardEngineValve.invoke(StandardEngineValve.java:74) ~[tomcat-embed-core-10.1.39.jar:10.1.39]
	at org.apache.catalina.connector.CoyoteAdapter.service(CoyoteAdapter.java:344) ~[tomcat-embed-core-10.1.39.jar:10.1.39]
	at org.apache.coyote.http11.Http11Processor.service(Http11Processor.java:397) ~[tomcat-embed-core-10.1.39.jar:10.1.39]
	at org.apache.coyote.AbstractProcessorLight.process(AbstractProcessorLight.java:63) ~[tomcat-embed-core-10.1.39.jar:10.1.39]
	at org.apache.coyote.AbstractProtocol$ConnectionHandler.process(AbstractProtocol.java:905) ~[tomcat-embed-core-10.1.39.jar:10.1.39]
	at org.apache.tomcat.util.net.NioEndpoint$SocketProcessor.doRun(NioEndpoint.java:1743) ~[tomcat-embed-core-10.1.39.jar:10.1.39]
	at org.apache.tomcat.util.net.SocketProcessorBase.run(SocketProcessorBase.java:52) ~[tomcat-embed-core-10.1.39.jar:10.1.39]
	at org.apache.tomcat.util.threads.ThreadPoolExecutor.runWorker(ThreadPoolExecutor.java:1190) ~[tomcat-embed-core-10.1.39.jar:10.1.39]
	at org.apache.tomcat.util.threads.ThreadPoolExecutor$Worker.run(ThreadPoolExecutor.java:659) ~[tomcat-embed-core-10.1.39.jar:10.1.39]
	at org.apache.tomcat.util.threads.TaskThread$WrappingRunnable.run(TaskThread.java:63) ~[tomcat-embed-core-10.1.39.jar:10.1.39]
	at java.base/java.lang.Thread.run(Thread.java:1575) ~[na:na]

2025-05-06T11:04:41.039+02:00  INFO 17036 --- [PayMyBuddy] [SpringApplicationShutdownHook] o.s.b.w.e.tomcat.GracefulShutdown        : Commencing graceful shutdown. Waiting for active requests to complete
2025-05-06T11:04:41.046+02:00  INFO 17036 --- [PayMyBuddy] [tomcat-shutdown] o.s.b.w.e.tomcat.GracefulShutdown        : Graceful shutdown complete
2025-05-06T11:04:41.080+02:00  INFO 17036 --- [PayMyBuddy] [SpringApplicationShutdownHook] j.LocalContainerEntityManagerFactoryBean : Closing JPA EntityManagerFactory for persistence unit 'default'
2025-05-06T11:04:41.082+02:00  INFO 17036 --- [PayMyBuddy] [SpringApplicationShutdownHook] com.zaxxer.hikari.HikariDataSource       : HikariPool-1 - Shutdown initiated...
2025-05-06T11:04:41.091+02:00  INFO 17036 --- [PayMyBuddy] [SpringApplicationShutdownHook] com.zaxxer.hikari.HikariDataSource       : HikariPool-1 - Shutdown completed.
2025-05-06T11:04:49.213+02:00  INFO 21176 --- [PayMyBuddy] [main] c.o.PayMyBuddy.PayMyBuddyApplication     : Starting PayMyBuddyApplication using Java 23 with PID 21176 (C:\Users\duckl\Desktop\OpenClassrooms\FormationJava2024\PROJET#6\PayMyBuddy\target\classes started by duckl in C:\Users\duckl\Desktop\OpenClassrooms\FormationJava2024\PROJET#6\PayMyBuddy)
2025-05-06T11:04:49.216+02:00  INFO 21176 --- [PayMyBuddy] [main] c.o.PayMyBuddy.PayMyBuddyApplication     : No active profile set, falling back to 1 default profile: "default"
2025-05-06T11:04:50.015+02:00  INFO 21176 --- [PayMyBuddy] [main] .s.d.r.c.RepositoryConfigurationDelegate : Bootstrapping Spring Data JPA repositories in DEFAULT mode.
2025-05-06T11:04:50.217+02:00  INFO 21176 --- [PayMyBuddy] [main] .s.d.r.c.RepositoryConfigurationDelegate : Finished Spring Data repository scanning in 189 ms. Found 3 JPA repository interfaces.
2025-05-06T11:04:50.909+02:00  INFO 21176 --- [PayMyBuddy] [main] o.s.b.w.embedded.tomcat.TomcatWebServer  : Tomcat initialized with port 8080 (http)
2025-05-06T11:04:50.927+02:00  INFO 21176 --- [PayMyBuddy] [main] o.apache.catalina.core.StandardService   : Starting service [Tomcat]
2025-05-06T11:04:50.927+02:00  INFO 21176 --- [PayMyBuddy] [main] o.apache.catalina.core.StandardEngine    : Starting Servlet engine: [Apache Tomcat/10.1.39]
2025-05-06T11:04:51.005+02:00  INFO 21176 --- [PayMyBuddy] [main] o.a.c.c.C.[Tomcat].[localhost].[/]       : Initializing Spring embedded WebApplicationContext
2025-05-06T11:04:51.005+02:00  INFO 21176 --- [PayMyBuddy] [main] w.s.c.ServletWebServerApplicationContext : Root WebApplicationContext: initialization completed in 1718 ms
2025-05-06T11:04:51.152+02:00  INFO 21176 --- [PayMyBuddy] [main] com.zaxxer.hikari.HikariDataSource       : HikariPool-1 - Starting...
2025-05-06T11:04:51.611+02:00  INFO 21176 --- [PayMyBuddy] [main] com.zaxxer.hikari.pool.HikariPool        : HikariPool-1 - Added connection com.mysql.cj.jdbc.ConnectionImpl@37ca3ca8
2025-05-06T11:04:51.613+02:00  INFO 21176 --- [PayMyBuddy] [main] com.zaxxer.hikari.HikariDataSource       : HikariPool-1 - Start completed.
2025-05-06T11:04:51.682+02:00  INFO 21176 --- [PayMyBuddy] [main] o.hibernate.jpa.internal.util.LogHelper  : HHH000204: Processing PersistenceUnitInfo [name: default]
2025-05-06T11:04:51.755+02:00  INFO 21176 --- [PayMyBuddy] [main] org.hibernate.Version                    : HHH000412: Hibernate ORM core version 6.6.11.Final
2025-05-06T11:04:51.804+02:00  INFO 21176 --- [PayMyBuddy] [main] o.h.c.internal.RegionFactoryInitiator    : HHH000026: Second-level cache disabled
2025-05-06T11:04:52.189+02:00  INFO 21176 --- [PayMyBuddy] [main] o.s.o.j.p.SpringPersistenceUnitInfo      : No LoadTimeWeaver setup: ignoring JPA class transformer
2025-05-06T11:04:52.313+02:00  INFO 21176 --- [PayMyBuddy] [main] org.hibernate.orm.connections.pooling    : HHH10001005: Database info:
	Database JDBC URL [Connecting through datasource 'HikariDataSource (HikariPool-1)']
	Database driver: undefined/unknown
	Database version: 9.1
	Autocommit mode: undefined/unknown
	Isolation level: undefined/unknown
	Minimum pool size: undefined/unknown
	Maximum pool size: undefined/unknown
2025-05-06T11:04:53.356+02:00  INFO 21176 --- [PayMyBuddy] [main] o.h.e.t.j.p.i.JtaPlatformInitiator       : HHH000489: No JTA platform available (set 'hibernate.transaction.jta.platform' to enable JTA platform integration)
2025-05-06T11:04:53.361+02:00  INFO 21176 --- [PayMyBuddy] [main] j.LocalContainerEntityManagerFactoryBean : Initialized JPA EntityManagerFactory for persistence unit 'default'
2025-05-06T11:04:53.657+02:00  INFO 21176 --- [PayMyBuddy] [main] o.s.d.j.r.query.QueryEnhancerFactory     : Hibernate is in classpath; If applicable, HQL parser will be used.
2025-05-06T11:04:54.022+02:00  WARN 21176 --- [PayMyBuddy] [main] JpaBaseConfiguration$JpaWebConfiguration : spring.jpa.open-in-view is enabled by default. Therefore, database queries may be performed during view rendering. Explicitly configure spring.jpa.open-in-view to disable this warning
2025-05-06T11:04:54.396+02:00  INFO 21176 --- [PayMyBuddy] [main] o.s.b.w.embedded.tomcat.TomcatWebServer  : Tomcat started on port 8080 (http) with context path '/'
2025-05-06T11:04:54.405+02:00  INFO 21176 --- [PayMyBuddy] [main] c.o.PayMyBuddy.PayMyBuddyApplication     : Started PayMyBuddyApplication in 5.814 seconds (process running for 6.318)
2025-05-06T11:05:01.903+02:00  INFO 21176 --- [PayMyBuddy] [http-nio-8080-exec-1] o.a.c.c.C.[Tomcat].[localhost].[/]       : Initializing Spring DispatcherServlet 'dispatcherServlet'
2025-05-06T11:05:01.903+02:00  INFO 21176 --- [PayMyBuddy] [http-nio-8080-exec-1] o.s.web.servlet.DispatcherServlet        : Initializing Servlet 'dispatcherServlet'
2025-05-06T11:05:01.905+02:00  INFO 21176 --- [PayMyBuddy] [http-nio-8080-exec-1] o.s.web.servlet.DispatcherServlet        : Completed initialization in 1 ms
2025-05-06T11:05:07.080+02:00  INFO 21176 --- [PayMyBuddy] [http-nio-8080-exec-6] c.o.P.controller.UserController          : /signup/save - 200
2025-05-06T11:05:15.936+02:00  INFO 21176 --- [PayMyBuddy] [http-nio-8080-exec-8] c.o.P.controller.UserController          : /signup/save - 200
2025-05-06T11:05:36.354+02:00  INFO 21176 --- [PayMyBuddy] [http-nio-8080-exec-10] c.o.P.controller.UserController          : /signup/save - 200
2025-05-06T11:05:55.520+02:00  INFO 21176 --- [PayMyBuddy] [http-nio-8080-exec-2] c.o.P.controller.UserController          : /signup/save - 200
2025-05-06T11:06:34.480+02:00  INFO 21176 --- [PayMyBuddy] [SpringApplicationShutdownHook] o.s.b.w.e.tomcat.GracefulShutdown        : Commencing graceful shutdown. Waiting for active requests to complete
2025-05-06T11:06:34.487+02:00  INFO 21176 --- [PayMyBuddy] [tomcat-shutdown] o.s.b.w.e.tomcat.GracefulShutdown        : Graceful shutdown complete
2025-05-06T11:06:34.517+02:00  INFO 21176 --- [PayMyBuddy] [SpringApplicationShutdownHook] j.LocalContainerEntityManagerFactoryBean : Closing JPA EntityManagerFactory for persistence unit 'default'
2025-05-06T11:06:34.521+02:00  INFO 21176 --- [PayMyBuddy] [SpringApplicationShutdownHook] com.zaxxer.hikari.HikariDataSource       : HikariPool-1 - Shutdown initiated...
2025-05-06T11:06:34.529+02:00  INFO 21176 --- [PayMyBuddy] [SpringApplicationShutdownHook] com.zaxxer.hikari.HikariDataSource       : HikariPool-1 - Shutdown completed.
2025-05-06T13:15:35.958+02:00  INFO 36808 --- [PayMyBuddy] [main] c.o.PayMyBuddy.PayMyBuddyApplication     : Starting PayMyBuddyApplication using Java 23 with PID 36808 (C:\Users\duckl\Desktop\OpenClassrooms\FormationJava2024\PROJET#6\PayMyBuddy\target\classes started by duckl in C:\Users\duckl\Desktop\OpenClassrooms\FormationJava2024\PROJET#6\PayMyBuddy)
2025-05-06T13:15:35.961+02:00  INFO 36808 --- [PayMyBuddy] [main] c.o.PayMyBuddy.PayMyBuddyApplication     : No active profile set, falling back to 1 default profile: "default"
2025-05-06T13:15:36.866+02:00  INFO 36808 --- [PayMyBuddy] [main] .s.d.r.c.RepositoryConfigurationDelegate : Bootstrapping Spring Data JPA repositories in DEFAULT mode.
2025-05-06T13:15:37.072+02:00  INFO 36808 --- [PayMyBuddy] [main] .s.d.r.c.RepositoryConfigurationDelegate : Finished Spring Data repository scanning in 193 ms. Found 3 JPA repository interfaces.
2025-05-06T13:15:37.861+02:00  INFO 36808 --- [PayMyBuddy] [main] o.s.b.w.embedded.tomcat.TomcatWebServer  : Tomcat initialized with port 8080 (http)
2025-05-06T13:15:37.882+02:00  INFO 36808 --- [PayMyBuddy] [main] o.apache.catalina.core.StandardService   : Starting service [Tomcat]
2025-05-06T13:15:37.882+02:00  INFO 36808 --- [PayMyBuddy] [main] o.apache.catalina.core.StandardEngine    : Starting Servlet engine: [Apache Tomcat/10.1.39]
2025-05-06T13:15:37.969+02:00  INFO 36808 --- [PayMyBuddy] [main] o.a.c.c.C.[Tomcat].[localhost].[/]       : Initializing Spring embedded WebApplicationContext
2025-05-06T13:15:37.971+02:00  INFO 36808 --- [PayMyBuddy] [main] w.s.c.ServletWebServerApplicationContext : Root WebApplicationContext: initialization completed in 1934 ms
2025-05-06T13:15:38.139+02:00  INFO 36808 --- [PayMyBuddy] [main] com.zaxxer.hikari.HikariDataSource       : HikariPool-1 - Starting...
2025-05-06T13:15:38.664+02:00  INFO 36808 --- [PayMyBuddy] [main] com.zaxxer.hikari.pool.HikariPool        : HikariPool-1 - Added connection com.mysql.cj.jdbc.ConnectionImpl@7f22687e
2025-05-06T13:15:38.667+02:00  INFO 36808 --- [PayMyBuddy] [main] com.zaxxer.hikari.HikariDataSource       : HikariPool-1 - Start completed.
2025-05-06T13:15:38.742+02:00  INFO 36808 --- [PayMyBuddy] [main] o.hibernate.jpa.internal.util.LogHelper  : HHH000204: Processing PersistenceUnitInfo [name: default]
2025-05-06T13:15:38.821+02:00  INFO 36808 --- [PayMyBuddy] [main] org.hibernate.Version                    : HHH000412: Hibernate ORM core version 6.6.11.Final
2025-05-06T13:15:38.875+02:00  INFO 36808 --- [PayMyBuddy] [main] o.h.c.internal.RegionFactoryInitiator    : HHH000026: Second-level cache disabled
2025-05-06T13:15:39.328+02:00  INFO 36808 --- [PayMyBuddy] [main] o.s.o.j.p.SpringPersistenceUnitInfo      : No LoadTimeWeaver setup: ignoring JPA class transformer
2025-05-06T13:15:39.488+02:00  INFO 36808 --- [PayMyBuddy] [main] org.hibernate.orm.connections.pooling    : HHH10001005: Database info:
	Database JDBC URL [Connecting through datasource 'HikariDataSource (HikariPool-1)']
	Database driver: undefined/unknown
	Database version: 9.1
	Autocommit mode: undefined/unknown
	Isolation level: undefined/unknown
	Minimum pool size: undefined/unknown
	Maximum pool size: undefined/unknown
2025-05-06T13:15:40.627+02:00  INFO 36808 --- [PayMyBuddy] [main] o.h.e.t.j.p.i.JtaPlatformInitiator       : HHH000489: No JTA platform available (set 'hibernate.transaction.jta.platform' to enable JTA platform integration)
2025-05-06T13:15:40.632+02:00  INFO 36808 --- [PayMyBuddy] [main] j.LocalContainerEntityManagerFactoryBean : Initialized JPA EntityManagerFactory for persistence unit 'default'
2025-05-06T13:15:40.960+02:00  INFO 36808 --- [PayMyBuddy] [main] o.s.d.j.r.query.QueryEnhancerFactory     : Hibernate is in classpath; If applicable, HQL parser will be used.
2025-05-06T13:15:41.368+02:00  WARN 36808 --- [PayMyBuddy] [main] JpaBaseConfiguration$JpaWebConfiguration : spring.jpa.open-in-view is enabled by default. Therefore, database queries may be performed during view rendering. Explicitly configure spring.jpa.open-in-view to disable this warning
2025-05-06T13:15:41.786+02:00  INFO 36808 --- [PayMyBuddy] [main] o.s.b.w.embedded.tomcat.TomcatWebServer  : Tomcat started on port 8080 (http) with context path '/'
2025-05-06T13:15:41.795+02:00  INFO 36808 --- [PayMyBuddy] [main] c.o.PayMyBuddy.PayMyBuddyApplication     : Started PayMyBuddyApplication in 6.525 seconds (process running for 7.119)
2025-05-06T13:15:54.976+02:00  INFO 36808 --- [PayMyBuddy] [http-nio-8080-exec-1] o.a.c.c.C.[Tomcat].[localhost].[/]       : Initializing Spring DispatcherServlet 'dispatcherServlet'
2025-05-06T13:15:54.976+02:00  INFO 36808 --- [PayMyBuddy] [http-nio-8080-exec-1] o.s.web.servlet.DispatcherServlet        : Initializing Servlet 'dispatcherServlet'
2025-05-06T13:15:54.978+02:00  INFO 36808 --- [PayMyBuddy] [http-nio-8080-exec-1] o.s.web.servlet.DispatcherServlet        : Completed initialization in 1 ms
2025-05-06T13:16:04.419+02:00  WARN 36808 --- [PayMyBuddy] [http-nio-8080-exec-5] o.h.engine.jdbc.spi.SqlExceptionHelper   : SQL Error: 1062, SQLState: 23000
2025-05-06T13:16:04.419+02:00 ERROR 36808 --- [PayMyBuddy] [http-nio-8080-exec-5] o.h.engine.jdbc.spi.SqlExceptionHelper   : Duplicate entry 'Baba' for key 't_user.user'
2025-05-06T13:16:04.434+02:00 ERROR 36808 --- [PayMyBuddy] [http-nio-8080-exec-5] c.o.P.controller.UserController          : /signup/save - 500
2025-05-06T13:16:26.936+02:00  INFO 36808 --- [PayMyBuddy] [http-nio-8080-exec-1] c.o.P.controller.UserController          : /signup/save - 200
2025-05-06T13:18:08.017+02:00  INFO 36808 --- [PayMyBuddy] [SpringApplicationShutdownHook] o.s.b.w.e.tomcat.GracefulShutdown        : Commencing graceful shutdown. Waiting for active requests to complete
2025-05-06T13:18:08.025+02:00  INFO 36808 --- [PayMyBuddy] [tomcat-shutdown] o.s.b.w.e.tomcat.GracefulShutdown        : Graceful shutdown complete
2025-05-06T13:18:08.060+02:00  INFO 36808 --- [PayMyBuddy] [SpringApplicationShutdownHook] j.LocalContainerEntityManagerFactoryBean : Closing JPA EntityManagerFactory for persistence unit 'default'
2025-05-06T13:18:08.063+02:00  INFO 36808 --- [PayMyBuddy] [SpringApplicationShutdownHook] com.zaxxer.hikari.HikariDataSource       : HikariPool-1 - Shutdown initiated...
2025-05-06T13:18:08.071+02:00  INFO 36808 --- [PayMyBuddy] [SpringApplicationShutdownHook] com.zaxxer.hikari.HikariDataSource       : HikariPool-1 - Shutdown completed.
2025-05-06T13:18:36.188+02:00  INFO 18560 --- [PayMyBuddy] [main] c.o.PayMyBuddy.PayMyBuddyApplication     : Starting PayMyBuddyApplication using Java 23 with PID 18560 (C:\Users\duckl\Desktop\OpenClassrooms\FormationJava2024\PROJET#6\PayMyBuddy\target\classes started by duckl in C:\Users\duckl\Desktop\OpenClassrooms\FormationJava2024\PROJET#6\PayMyBuddy)
2025-05-06T13:18:36.191+02:00  INFO 18560 --- [PayMyBuddy] [main] c.o.PayMyBuddy.PayMyBuddyApplication     : No active profile set, falling back to 1 default profile: "default"
2025-05-06T13:18:37.219+02:00  INFO 18560 --- [PayMyBuddy] [main] .s.d.r.c.RepositoryConfigurationDelegate : Bootstrapping Spring Data JPA repositories in DEFAULT mode.
2025-05-06T13:18:37.418+02:00  INFO 18560 --- [PayMyBuddy] [main] .s.d.r.c.RepositoryConfigurationDelegate : Finished Spring Data repository scanning in 184 ms. Found 3 JPA repository interfaces.
2025-05-06T13:18:38.153+02:00  INFO 18560 --- [PayMyBuddy] [main] o.s.b.w.embedded.tomcat.TomcatWebServer  : Tomcat initialized with port 8080 (http)
2025-05-06T13:18:38.173+02:00  INFO 18560 --- [PayMyBuddy] [main] o.apache.catalina.core.StandardService   : Starting service [Tomcat]
2025-05-06T13:18:38.174+02:00  INFO 18560 --- [PayMyBuddy] [main] o.apache.catalina.core.StandardEngine    : Starting Servlet engine: [Apache Tomcat/10.1.39]
2025-05-06T13:18:38.259+02:00  INFO 18560 --- [PayMyBuddy] [main] o.a.c.c.C.[Tomcat].[localhost].[/]       : Initializing Spring embedded WebApplicationContext
2025-05-06T13:18:38.259+02:00  INFO 18560 --- [PayMyBuddy] [main] w.s.c.ServletWebServerApplicationContext : Root WebApplicationContext: initialization completed in 1995 ms
2025-05-06T13:18:38.417+02:00  INFO 18560 --- [PayMyBuddy] [main] com.zaxxer.hikari.HikariDataSource       : HikariPool-1 - Starting...
2025-05-06T13:18:38.899+02:00  INFO 18560 --- [PayMyBuddy] [main] com.zaxxer.hikari.pool.HikariPool        : HikariPool-1 - Added connection com.mysql.cj.jdbc.ConnectionImpl@37ca3ca8
2025-05-06T13:18:38.902+02:00  INFO 18560 --- [PayMyBuddy] [main] com.zaxxer.hikari.HikariDataSource       : HikariPool-1 - Start completed.
2025-05-06T13:18:38.973+02:00  INFO 18560 --- [PayMyBuddy] [main] o.hibernate.jpa.internal.util.LogHelper  : HHH000204: Processing PersistenceUnitInfo [name: default]
2025-05-06T13:18:39.046+02:00  INFO 18560 --- [PayMyBuddy] [main] org.hibernate.Version                    : HHH000412: Hibernate ORM core version 6.6.11.Final
2025-05-06T13:18:39.095+02:00  INFO 18560 --- [PayMyBuddy] [main] o.h.c.internal.RegionFactoryInitiator    : HHH000026: Second-level cache disabled
2025-05-06T13:18:39.486+02:00  INFO 18560 --- [PayMyBuddy] [main] o.s.o.j.p.SpringPersistenceUnitInfo      : No LoadTimeWeaver setup: ignoring JPA class transformer
2025-05-06T13:18:39.624+02:00  INFO 18560 --- [PayMyBuddy] [main] org.hibernate.orm.connections.pooling    : HHH10001005: Database info:
	Database JDBC URL [Connecting through datasource 'HikariDataSource (HikariPool-1)']
	Database driver: undefined/unknown
	Database version: 9.1
	Autocommit mode: undefined/unknown
	Isolation level: undefined/unknown
	Minimum pool size: undefined/unknown
	Maximum pool size: undefined/unknown
2025-05-06T13:18:40.831+02:00  INFO 18560 --- [PayMyBuddy] [main] o.h.e.t.j.p.i.JtaPlatformInitiator       : HHH000489: No JTA platform available (set 'hibernate.transaction.jta.platform' to enable JTA platform integration)
2025-05-06T13:18:40.835+02:00  INFO 18560 --- [PayMyBuddy] [main] j.LocalContainerEntityManagerFactoryBean : Initialized JPA EntityManagerFactory for persistence unit 'default'
2025-05-06T13:18:41.148+02:00  INFO 18560 --- [PayMyBuddy] [main] o.s.d.j.r.query.QueryEnhancerFactory     : Hibernate is in classpath; If applicable, HQL parser will be used.
2025-05-06T13:18:41.551+02:00  WARN 18560 --- [PayMyBuddy] [main] JpaBaseConfiguration$JpaWebConfiguration : spring.jpa.open-in-view is enabled by default. Therefore, database queries may be performed during view rendering. Explicitly configure spring.jpa.open-in-view to disable this warning
2025-05-06T13:18:41.964+02:00  INFO 18560 --- [PayMyBuddy] [main] o.s.b.w.embedded.tomcat.TomcatWebServer  : Tomcat started on port 8080 (http) with context path '/'
2025-05-06T13:18:41.972+02:00  INFO 18560 --- [PayMyBuddy] [main] c.o.PayMyBuddy.PayMyBuddyApplication     : Started PayMyBuddyApplication in 6.445 seconds (process running for 6.99)
2025-05-06T13:19:05.398+02:00  INFO 18560 --- [PayMyBuddy] [http-nio-8080-exec-1] o.a.c.c.C.[Tomcat].[localhost].[/]       : Initializing Spring DispatcherServlet 'dispatcherServlet'
2025-05-06T13:19:05.399+02:00  INFO 18560 --- [PayMyBuddy] [http-nio-8080-exec-1] o.s.web.servlet.DispatcherServlet        : Initializing Servlet 'dispatcherServlet'
2025-05-06T13:19:05.401+02:00  INFO 18560 --- [PayMyBuddy] [http-nio-8080-exec-1] o.s.web.servlet.DispatcherServlet        : Completed initialization in 2 ms
2025-05-06T13:19:24.551+02:00  INFO 18560 --- [PayMyBuddy] [http-nio-8080-exec-6] c.o.P.controller.UserController          : /signup/save - 200
2025-05-06T13:19:49.120+02:00  WARN 18560 --- [PayMyBuddy] [http-nio-8080-exec-3] o.h.engine.jdbc.spi.SqlExceptionHelper   : SQL Error: 1062, SQLState: 23000
2025-05-06T13:19:49.121+02:00 ERROR 18560 --- [PayMyBuddy] [http-nio-8080-exec-3] o.h.engine.jdbc.spi.SqlExceptionHelper   : Duplicate entry 'jackcurtis@gmail.com' for key 't_user.email'
2025-05-06T13:19:49.131+02:00 ERROR 18560 --- [PayMyBuddy] [http-nio-8080-exec-3] c.o.P.controller.UserController          : /signup/save - 500: 

org.springframework.dao.DataIntegrityViolationException: could not execute statement [Duplicate entry 'jackcurtis@gmail.com' for key 't_user.email'] [update t_user set email=?,password=?,user=? where id_user=?]; SQL [update t_user set email=?,password=?,user=? where id_user=?]; constraint [t_user.email]
	at org.springframework.orm.jpa.vendor.HibernateJpaDialect.convertHibernateAccessException(HibernateJpaDialect.java:290) ~[spring-orm-6.2.5.jar:6.2.5]
	at org.springframework.orm.jpa.vendor.HibernateJpaDialect.translateExceptionIfPossible(HibernateJpaDialect.java:241) ~[spring-orm-6.2.5.jar:6.2.5]
	at org.springframework.orm.jpa.JpaTransactionManager.doCommit(JpaTransactionManager.java:566) ~[spring-orm-6.2.5.jar:6.2.5]
	at org.springframework.transaction.support.AbstractPlatformTransactionManager.processCommit(AbstractPlatformTransactionManager.java:795) ~[spring-tx-6.2.5.jar:6.2.5]
	at org.springframework.transaction.support.AbstractPlatformTransactionManager.commit(AbstractPlatformTransactionManager.java:758) ~[spring-tx-6.2.5.jar:6.2.5]
	at org.springframework.transaction.interceptor.TransactionAspectSupport.commitTransactionAfterReturning(TransactionAspectSupport.java:698) ~[spring-tx-6.2.5.jar:6.2.5]
	at org.springframework.transaction.interceptor.TransactionAspectSupport.invokeWithinTransaction(TransactionAspectSupport.java:416) ~[spring-tx-6.2.5.jar:6.2.5]
	at org.springframework.transaction.interceptor.TransactionInterceptor.invoke(TransactionInterceptor.java:119) ~[spring-tx-6.2.5.jar:6.2.5]
	at org.springframework.aop.framework.ReflectiveMethodInvocation.proceed(ReflectiveMethodInvocation.java:184) ~[spring-aop-6.2.5.jar:6.2.5]
	at org.springframework.dao.support.PersistenceExceptionTranslationInterceptor.invoke(PersistenceExceptionTranslationInterceptor.java:138) ~[spring-tx-6.2.5.jar:6.2.5]
	at org.springframework.aop.framework.ReflectiveMethodInvocation.proceed(ReflectiveMethodInvocation.java:184) ~[spring-aop-6.2.5.jar:6.2.5]
	at org.springframework.data.jpa.repository.support.CrudMethodMetadataPostProcessor$CrudMethodMetadataPopulatingMethodInterceptor.invoke(CrudMethodMetadataPostProcessor.java:165) ~[spring-data-jpa-3.4.4.jar:3.4.4]
	at org.springframework.aop.framework.ReflectiveMethodInvocation.proceed(ReflectiveMethodInvocation.java:184) ~[spring-aop-6.2.5.jar:6.2.5]
	at org.springframework.aop.framework.JdkDynamicAopProxy.invoke(JdkDynamicAopProxy.java:223) ~[spring-aop-6.2.5.jar:6.2.5]
	at jdk.proxy2/jdk.proxy2.$Proxy121.save(Unknown Source) ~[na:na]
	at com.openclassrooms.PayMyBuddy.service.UserService.updateUser(UserService.java:100) ~[classes/:na]
	at com.openclassrooms.PayMyBuddy.controller.UserController.updateProfile(UserController.java:209) ~[classes/:na]
	at java.base/jdk.internal.reflect.DirectMethodHandleAccessor.invoke(DirectMethodHandleAccessor.java:103) ~[na:na]
	at java.base/java.lang.reflect.Method.invoke(Method.java:580) ~[na:na]
	at org.springframework.web.method.support.InvocableHandlerMethod.doInvoke(InvocableHandlerMethod.java:258) ~[spring-web-6.2.5.jar:6.2.5]
	at org.springframework.web.method.support.InvocableHandlerMethod.invokeForRequest(InvocableHandlerMethod.java:191) ~[spring-web-6.2.5.jar:6.2.5]
	at org.springframework.web.servlet.mvc.method.annotation.ServletInvocableHandlerMethod.invokeAndHandle(ServletInvocableHandlerMethod.java:118) ~[spring-webmvc-6.2.5.jar:6.2.5]
	at org.springframework.web.servlet.mvc.method.annotation.RequestMappingHandlerAdapter.invokeHandlerMethod(RequestMappingHandlerAdapter.java:986) ~[spring-webmvc-6.2.5.jar:6.2.5]
	at org.springframework.web.servlet.mvc.method.annotation.RequestMappingHandlerAdapter.handleInternal(RequestMappingHandlerAdapter.java:891) ~[spring-webmvc-6.2.5.jar:6.2.5]
	at org.springframework.web.servlet.mvc.method.AbstractHandlerMethodAdapter.handle(AbstractHandlerMethodAdapter.java:87) ~[spring-webmvc-6.2.5.jar:6.2.5]
	at org.springframework.web.servlet.DispatcherServlet.doDispatch(DispatcherServlet.java:1089) ~[spring-webmvc-6.2.5.jar:6.2.5]
	at org.springframework.web.servlet.DispatcherServlet.doService(DispatcherServlet.java:979) ~[spring-webmvc-6.2.5.jar:6.2.5]
	at org.springframework.web.servlet.FrameworkServlet.processRequest(FrameworkServlet.java:1014) ~[spring-webmvc-6.2.5.jar:6.2.5]
	at org.springframework.web.servlet.FrameworkServlet.doPost(FrameworkServlet.java:914) ~[spring-webmvc-6.2.5.jar:6.2.5]
	at jakarta.servlet.http.HttpServlet.service(HttpServlet.java:590) ~[tomcat-embed-core-10.1.39.jar:6.0]
	at org.springframework.web.servlet.FrameworkServlet.service(FrameworkServlet.java:885) ~[spring-webmvc-6.2.5.jar:6.2.5]
	at jakarta.servlet.http.HttpServlet.service(HttpServlet.java:658) ~[tomcat-embed-core-10.1.39.jar:6.0]
	at org.apache.catalina.core.ApplicationFilterChain.internalDoFilter(ApplicationFilterChain.java:195) ~[tomcat-embed-core-10.1.39.jar:10.1.39]
	at org.apache.catalina.core.ApplicationFilterChain.doFilter(ApplicationFilterChain.java:140) ~[tomcat-embed-core-10.1.39.jar:10.1.39]
	at org.apache.tomcat.websocket.server.WsFilter.doFilter(WsFilter.java:51) ~[tomcat-embed-websocket-10.1.39.jar:10.1.39]
	at org.apache.catalina.core.ApplicationFilterChain.internalDoFilter(ApplicationFilterChain.java:164) ~[tomcat-embed-core-10.1.39.jar:10.1.39]
	at org.apache.catalina.core.ApplicationFilterChain.doFilter(ApplicationFilterChain.java:140) ~[tomcat-embed-core-10.1.39.jar:10.1.39]
	at org.springframework.web.filter.RequestContextFilter.doFilterInternal(RequestContextFilter.java:100) ~[spring-web-6.2.5.jar:6.2.5]
	at org.springframework.web.filter.OncePerRequestFilter.doFilter(OncePerRequestFilter.java:116) ~[spring-web-6.2.5.jar:6.2.5]
	at org.apache.catalina.core.ApplicationFilterChain.internalDoFilter(ApplicationFilterChain.java:164) ~[tomcat-embed-core-10.1.39.jar:10.1.39]
	at org.apache.catalina.core.ApplicationFilterChain.doFilter(ApplicationFilterChain.java:140) ~[tomcat-embed-core-10.1.39.jar:10.1.39]
	at org.springframework.web.filter.FormContentFilter.doFilterInternal(FormContentFilter.java:93) ~[spring-web-6.2.5.jar:6.2.5]
	at org.springframework.web.filter.OncePerRequestFilter.doFilter(OncePerRequestFilter.java:116) ~[spring-web-6.2.5.jar:6.2.5]
	at org.apache.catalina.core.ApplicationFilterChain.internalDoFilter(ApplicationFilterChain.java:164) ~[tomcat-embed-core-10.1.39.jar:10.1.39]
	at org.apache.catalina.core.ApplicationFilterChain.doFilter(ApplicationFilterChain.java:140) ~[tomcat-embed-core-10.1.39.jar:10.1.39]
	at org.springframework.web.filter.CharacterEncodingFilter.doFilterInternal(CharacterEncodingFilter.java:201) ~[spring-web-6.2.5.jar:6.2.5]
	at org.springframework.web.filter.OncePerRequestFilter.doFilter(OncePerRequestFilter.java:116) ~[spring-web-6.2.5.jar:6.2.5]
	at org.apache.catalina.core.ApplicationFilterChain.internalDoFilter(ApplicationFilterChain.java:164) ~[tomcat-embed-core-10.1.39.jar:10.1.39]
	at org.apache.catalina.core.ApplicationFilterChain.doFilter(ApplicationFilterChain.java:140) ~[tomcat-embed-core-10.1.39.jar:10.1.39]
	at org.apache.catalina.core.StandardWrapperValve.invoke(StandardWrapperValve.java:167) ~[tomcat-embed-core-10.1.39.jar:10.1.39]
	at org.apache.catalina.core.StandardContextValve.invoke(StandardContextValve.java:90) ~[tomcat-embed-core-10.1.39.jar:10.1.39]
	at org.apache.catalina.authenticator.AuthenticatorBase.invoke(AuthenticatorBase.java:483) ~[tomcat-embed-core-10.1.39.jar:10.1.39]
	at org.apache.catalina.core.StandardHostValve.invoke(StandardHostValve.java:115) ~[tomcat-embed-core-10.1.39.jar:10.1.39]
	at org.apache.catalina.valves.ErrorReportValve.invoke(ErrorReportValve.java:93) ~[tomcat-embed-core-10.1.39.jar:10.1.39]
	at org.apache.catalina.core.StandardEngineValve.invoke(StandardEngineValve.java:74) ~[tomcat-embed-core-10.1.39.jar:10.1.39]
	at org.apache.catalina.connector.CoyoteAdapter.service(CoyoteAdapter.java:344) ~[tomcat-embed-core-10.1.39.jar:10.1.39]
	at org.apache.coyote.http11.Http11Processor.service(Http11Processor.java:397) ~[tomcat-embed-core-10.1.39.jar:10.1.39]
	at org.apache.coyote.AbstractProcessorLight.process(AbstractProcessorLight.java:63) ~[tomcat-embed-core-10.1.39.jar:10.1.39]
	at org.apache.coyote.AbstractProtocol$ConnectionHandler.process(AbstractProtocol.java:905) ~[tomcat-embed-core-10.1.39.jar:10.1.39]
	at org.apache.tomcat.util.net.NioEndpoint$SocketProcessor.doRun(NioEndpoint.java:1743) ~[tomcat-embed-core-10.1.39.jar:10.1.39]
	at org.apache.tomcat.util.net.SocketProcessorBase.run(SocketProcessorBase.java:52) ~[tomcat-embed-core-10.1.39.jar:10.1.39]
	at org.apache.tomcat.util.threads.ThreadPoolExecutor.runWorker(ThreadPoolExecutor.java:1190) ~[tomcat-embed-core-10.1.39.jar:10.1.39]
	at org.apache.tomcat.util.threads.ThreadPoolExecutor$Worker.run(ThreadPoolExecutor.java:659) ~[tomcat-embed-core-10.1.39.jar:10.1.39]
	at org.apache.tomcat.util.threads.TaskThread$WrappingRunnable.run(TaskThread.java:63) ~[tomcat-embed-core-10.1.39.jar:10.1.39]
	at java.base/java.lang.Thread.run(Thread.java:1575) ~[na:na]
Caused by: org.hibernate.exception.ConstraintViolationException: could not execute statement [Duplicate entry 'jackcurtis@gmail.com' for key 't_user.email'] [update t_user set email=?,password=?,user=? where id_user=?]
	at org.hibernate.dialect.MySQLDialect.lambda$buildSQLExceptionConversionDelegate$3(MySQLDialect.java:1245) ~[hibernate-core-6.6.11.Final.jar:6.6.11.Final]
	at org.hibernate.exception.internal.StandardSQLExceptionConverter.convert(StandardSQLExceptionConverter.java:58) ~[hibernate-core-6.6.11.Final.jar:6.6.11.Final]
	at org.hibernate.engine.jdbc.spi.SqlExceptionHelper.convert(SqlExceptionHelper.java:108) ~[hibernate-core-6.6.11.Final.jar:6.6.11.Final]
	at org.hibernate.engine.jdbc.internal.ResultSetReturnImpl.executeUpdate(ResultSetReturnImpl.java:197) ~[hibernate-core-6.6.11.Final.jar:6.6.11.Final]
	at org.hibernate.engine.jdbc.mutation.internal.AbstractMutationExecutor.performNonBatchedMutation(AbstractMutationExecutor.java:134) ~[hibernate-core-6.6.11.Final.jar:6.6.11.Final]
	at org.hibernate.engine.jdbc.mutation.internal.MutationExecutorSingleNonBatched.performNonBatchedOperations(MutationExecutorSingleNonBatched.java:55) ~[hibernate-core-6.6.11.Final.jar:6.6.11.Final]
	at org.hibernate.engine.jdbc.mutation.internal.AbstractMutationExecutor.execute(AbstractMutationExecutor.java:55) ~[hibernate-core-6.6.11.Final.jar:6.6.11.Final]
	at org.hibernate.persister.entity.mutation.UpdateCoordinatorStandard.doStaticUpdate(UpdateCoordinatorStandard.java:781) ~[hibernate-core-6.6.11.Final.jar:6.6.11.Final]
	at org.hibernate.persister.entity.mutation.UpdateCoordinatorStandard.performUpdate(UpdateCoordinatorStandard.java:328) ~[hibernate-core-6.6.11.Final.jar:6.6.11.Final]
	at org.hibernate.persister.entity.mutation.UpdateCoordinatorStandard.update(UpdateCoordinatorStandard.java:245) ~[hibernate-core-6.6.11.Final.jar:6.6.11.Final]
	at org.hibernate.action.internal.EntityUpdateAction.execute(EntityUpdateAction.java:169) ~[hibernate-core-6.6.11.Final.jar:6.6.11.Final]
	at org.hibernate.engine.spi.ActionQueue.executeActions(ActionQueue.java:644) ~[hibernate-core-6.6.11.Final.jar:6.6.11.Final]
	at org.hibernate.engine.spi.ActionQueue.executeActions(ActionQueue.java:511) ~[hibernate-core-6.6.11.Final.jar:6.6.11.Final]
	at org.hibernate.event.internal.AbstractFlushingEventListener.performExecutions(AbstractFlushingEventListener.java:414) ~[hibernate-core-6.6.11.Final.jar:6.6.11.Final]
	at org.hibernate.event.internal.DefaultFlushEventListener.onFlush(DefaultFlushEventListener.java:41) ~[hibernate-core-6.6.11.Final.jar:6.6.11.Final]
	at org.hibernate.event.service.internal.EventListenerGroupImpl.fireEventOnEachListener(EventListenerGroupImpl.java:127) ~[hibernate-core-6.6.11.Final.jar:6.6.11.Final]
	at org.hibernate.internal.SessionImpl.doFlush(SessionImpl.java:1429) ~[hibernate-core-6.6.11.Final.jar:6.6.11.Final]
	at org.hibernate.internal.SessionImpl.managedFlush(SessionImpl.java:491) ~[hibernate-core-6.6.11.Final.jar:6.6.11.Final]
	at org.hibernate.internal.SessionImpl.flushBeforeTransactionCompletion(SessionImpl.java:2354) ~[hibernate-core-6.6.11.Final.jar:6.6.11.Final]
	at org.hibernate.internal.SessionImpl.beforeTransactionCompletion(SessionImpl.java:1978) ~[hibernate-core-6.6.11.Final.jar:6.6.11.Final]
	at org.hibernate.engine.jdbc.internal.JdbcCoordinatorImpl.beforeTransactionCompletion(JdbcCoordinatorImpl.java:439) ~[hibernate-core-6.6.11.Final.jar:6.6.11.Final]
	at org.hibernate.resource.transaction.backend.jdbc.internal.JdbcResourceLocalTransactionCoordinatorImpl.beforeCompletionCallback(JdbcResourceLocalTransactionCoordinatorImpl.java:169) ~[hibernate-core-6.6.11.Final.jar:6.6.11.Final]
	at org.hibernate.resource.transaction.backend.jdbc.internal.JdbcResourceLocalTransactionCoordinatorImpl$TransactionDriverControlImpl.commit(JdbcResourceLocalTransactionCoordinatorImpl.java:267) ~[hibernate-core-6.6.11.Final.jar:6.6.11.Final]
	at org.hibernate.engine.transaction.internal.TransactionImpl.commit(TransactionImpl.java:101) ~[hibernate-core-6.6.11.Final.jar:6.6.11.Final]
	at org.springframework.orm.jpa.JpaTransactionManager.doCommit(JpaTransactionManager.java:562) ~[spring-orm-6.2.5.jar:6.2.5]
	... 62 common frames omitted
Caused by: java.sql.SQLIntegrityConstraintViolationException: Duplicate entry 'jackcurtis@gmail.com' for key 't_user.email'
	at com.mysql.cj.jdbc.exceptions.SQLError.createSQLException(SQLError.java:109) ~[mysql-connector-j-9.1.0.jar:9.1.0]
	at com.mysql.cj.jdbc.exceptions.SQLExceptionsMapping.translateException(SQLExceptionsMapping.java:114) ~[mysql-connector-j-9.1.0.jar:9.1.0]
	at com.mysql.cj.jdbc.ClientPreparedStatement.executeInternal(ClientPreparedStatement.java:988) ~[mysql-connector-j-9.1.0.jar:9.1.0]
	at com.mysql.cj.jdbc.ClientPreparedStatement.executeUpdateInternal(ClientPreparedStatement.java:1166) ~[mysql-connector-j-9.1.0.jar:9.1.0]
	at com.mysql.cj.jdbc.ClientPreparedStatement.executeUpdateInternal(ClientPreparedStatement.java:1101) ~[mysql-connector-j-9.1.0.jar:9.1.0]
	at com.mysql.cj.jdbc.ClientPreparedStatement.executeLargeUpdate(ClientPreparedStatement.java:1467) ~[mysql-connector-j-9.1.0.jar:9.1.0]
	at com.mysql.cj.jdbc.ClientPreparedStatement.executeUpdate(ClientPreparedStatement.java:1084) ~[mysql-connector-j-9.1.0.jar:9.1.0]
	at com.zaxxer.hikari.pool.ProxyPreparedStatement.executeUpdate(ProxyPreparedStatement.java:61) ~[HikariCP-5.1.0.jar:na]
	at com.zaxxer.hikari.pool.HikariProxyPreparedStatement.executeUpdate(HikariProxyPreparedStatement.java) ~[HikariCP-5.1.0.jar:na]
	at org.hibernate.engine.jdbc.internal.ResultSetReturnImpl.executeUpdate(ResultSetReturnImpl.java:194) ~[hibernate-core-6.6.11.Final.jar:6.6.11.Final]
	... 83 common frames omitted

2025-05-06T13:20:29.903+02:00  INFO 18560 --- [PayMyBuddy] [http-nio-8080-exec-5] c.o.P.controller.UserController          : /signup/save - 200
2025-05-06T13:21:55.775+02:00  INFO 18560 --- [PayMyBuddy] [http-nio-8080-exec-5] c.o.P.controller.UserController          : /signup/save - 200
2025-05-06T13:25:24.034+02:00  INFO 18560 --- [PayMyBuddy] [SpringApplicationShutdownHook] o.s.b.w.e.tomcat.GracefulShutdown        : Commencing graceful shutdown. Waiting for active requests to complete
2025-05-06T13:25:24.042+02:00  INFO 18560 --- [PayMyBuddy] [tomcat-shutdown] o.s.b.w.e.tomcat.GracefulShutdown        : Graceful shutdown complete
2025-05-06T13:25:24.079+02:00  INFO 18560 --- [PayMyBuddy] [SpringApplicationShutdownHook] j.LocalContainerEntityManagerFactoryBean : Closing JPA EntityManagerFactory for persistence unit 'default'
2025-05-06T13:25:24.081+02:00  INFO 18560 --- [PayMyBuddy] [SpringApplicationShutdownHook] com.zaxxer.hikari.HikariDataSource       : HikariPool-1 - Shutdown initiated...
2025-05-06T13:25:24.090+02:00  INFO 18560 --- [PayMyBuddy] [SpringApplicationShutdownHook] com.zaxxer.hikari.HikariDataSource       : HikariPool-1 - Shutdown completed.
2025-05-06T14:44:52.123+02:00  INFO 34688 --- [PayMyBuddy] [main] c.o.PayMyBuddy.PayMyBuddyApplication     : Starting PayMyBuddyApplication using Java 23 with PID 34688 (C:\Users\duckl\Desktop\OpenClassrooms\FormationJava2024\PROJET#6\PayMyBuddy\target\classes started by duckl in C:\Users\duckl\Desktop\OpenClassrooms\FormationJava2024\PROJET#6\PayMyBuddy)
2025-05-06T14:44:52.125+02:00  INFO 34688 --- [PayMyBuddy] [main] c.o.PayMyBuddy.PayMyBuddyApplication     : No active profile set, falling back to 1 default profile: "default"
2025-05-06T14:44:52.921+02:00  INFO 34688 --- [PayMyBuddy] [main] .s.d.r.c.RepositoryConfigurationDelegate : Bootstrapping Spring Data JPA repositories in DEFAULT mode.
2025-05-06T14:44:53.100+02:00  INFO 34688 --- [PayMyBuddy] [main] .s.d.r.c.RepositoryConfigurationDelegate : Finished Spring Data repository scanning in 166 ms. Found 3 JPA repository interfaces.
2025-05-06T14:44:53.775+02:00  INFO 34688 --- [PayMyBuddy] [main] o.s.b.w.embedded.tomcat.TomcatWebServer  : Tomcat initialized with port 8080 (http)
2025-05-06T14:44:53.800+02:00  INFO 34688 --- [PayMyBuddy] [main] o.apache.catalina.core.StandardService   : Starting service [Tomcat]
2025-05-06T14:44:53.800+02:00  INFO 34688 --- [PayMyBuddy] [main] o.apache.catalina.core.StandardEngine    : Starting Servlet engine: [Apache Tomcat/10.1.39]
2025-05-06T14:44:53.880+02:00  INFO 34688 --- [PayMyBuddy] [main] o.a.c.c.C.[Tomcat].[localhost].[/]       : Initializing Spring embedded WebApplicationContext
2025-05-06T14:44:53.880+02:00  INFO 34688 --- [PayMyBuddy] [main] w.s.c.ServletWebServerApplicationContext : Root WebApplicationContext: initialization completed in 1689 ms
2025-05-06T14:44:54.020+02:00  INFO 34688 --- [PayMyBuddy] [main] com.zaxxer.hikari.HikariDataSource       : HikariPool-1 - Starting...
2025-05-06T14:44:54.495+02:00  INFO 34688 --- [PayMyBuddy] [main] com.zaxxer.hikari.pool.HikariPool        : HikariPool-1 - Added connection com.mysql.cj.jdbc.ConnectionImpl@37ca3ca8
2025-05-06T14:44:54.495+02:00  INFO 34688 --- [PayMyBuddy] [main] com.zaxxer.hikari.HikariDataSource       : HikariPool-1 - Start completed.
2025-05-06T14:44:54.569+02:00  INFO 34688 --- [PayMyBuddy] [main] o.hibernate.jpa.internal.util.LogHelper  : HHH000204: Processing PersistenceUnitInfo [name: default]
2025-05-06T14:44:54.640+02:00  INFO 34688 --- [PayMyBuddy] [main] org.hibernate.Version                    : HHH000412: Hibernate ORM core version 6.6.11.Final
2025-05-06T14:44:54.691+02:00  INFO 34688 --- [PayMyBuddy] [main] o.h.c.internal.RegionFactoryInitiator    : HHH000026: Second-level cache disabled
2025-05-06T14:44:55.070+02:00  INFO 34688 --- [PayMyBuddy] [main] o.s.o.j.p.SpringPersistenceUnitInfo      : No LoadTimeWeaver setup: ignoring JPA class transformer
2025-05-06T14:44:55.201+02:00  INFO 34688 --- [PayMyBuddy] [main] org.hibernate.orm.connections.pooling    : HHH10001005: Database info:
	Database JDBC URL [Connecting through datasource 'HikariDataSource (HikariPool-1)']
	Database driver: undefined/unknown
	Database version: 9.1
	Autocommit mode: undefined/unknown
	Isolation level: undefined/unknown
	Minimum pool size: undefined/unknown
	Maximum pool size: undefined/unknown
2025-05-06T14:44:56.280+02:00  INFO 34688 --- [PayMyBuddy] [main] o.h.e.t.j.p.i.JtaPlatformInitiator       : HHH000489: No JTA platform available (set 'hibernate.transaction.jta.platform' to enable JTA platform integration)
2025-05-06T14:44:56.289+02:00  INFO 34688 --- [PayMyBuddy] [main] j.LocalContainerEntityManagerFactoryBean : Initialized JPA EntityManagerFactory for persistence unit 'default'
2025-05-06T14:44:56.590+02:00  INFO 34688 --- [PayMyBuddy] [main] o.s.d.j.r.query.QueryEnhancerFactory     : Hibernate is in classpath; If applicable, HQL parser will be used.
2025-05-06T14:44:56.964+02:00  WARN 34688 --- [PayMyBuddy] [main] JpaBaseConfiguration$JpaWebConfiguration : spring.jpa.open-in-view is enabled by default. Therefore, database queries may be performed during view rendering. Explicitly configure spring.jpa.open-in-view to disable this warning
2025-05-06T14:44:57.356+02:00  INFO 34688 --- [PayMyBuddy] [main] o.s.b.w.embedded.tomcat.TomcatWebServer  : Tomcat started on port 8080 (http) with context path '/'
2025-05-06T14:44:57.360+02:00  INFO 34688 --- [PayMyBuddy] [main] c.o.PayMyBuddy.PayMyBuddyApplication     : Started PayMyBuddyApplication in 5.86 seconds (process running for 6.368)
2025-05-06T14:45:03.575+02:00  INFO 34688 --- [PayMyBuddy] [http-nio-8080-exec-1] o.a.c.c.C.[Tomcat].[localhost].[/]       : Initializing Spring DispatcherServlet 'dispatcherServlet'
2025-05-06T14:45:03.575+02:00  INFO 34688 --- [PayMyBuddy] [http-nio-8080-exec-1] o.s.web.servlet.DispatcherServlet        : Initializing Servlet 'dispatcherServlet'
2025-05-06T14:45:03.575+02:00  INFO 34688 --- [PayMyBuddy] [http-nio-8080-exec-1] o.s.web.servlet.DispatcherServlet        : Completed initialization in 0 ms
2025-05-06T14:52:59.586+02:00  INFO 34688 --- [PayMyBuddy] [SpringApplicationShutdownHook] o.s.b.w.e.tomcat.GracefulShutdown        : Commencing graceful shutdown. Waiting for active requests to complete
2025-05-06T14:52:59.590+02:00  INFO 34688 --- [PayMyBuddy] [tomcat-shutdown] o.s.b.w.e.tomcat.GracefulShutdown        : Graceful shutdown complete
2025-05-06T14:52:59.627+02:00  INFO 34688 --- [PayMyBuddy] [SpringApplicationShutdownHook] j.LocalContainerEntityManagerFactoryBean : Closing JPA EntityManagerFactory for persistence unit 'default'
2025-05-06T14:52:59.631+02:00  INFO 34688 --- [PayMyBuddy] [SpringApplicationShutdownHook] com.zaxxer.hikari.HikariDataSource       : HikariPool-1 - Shutdown initiated...
2025-05-06T14:52:59.631+02:00  INFO 34688 --- [PayMyBuddy] [SpringApplicationShutdownHook] com.zaxxer.hikari.HikariDataSource       : HikariPool-1 - Shutdown completed.
2025-05-06T14:53:07.323+02:00  INFO 13684 --- [PayMyBuddy] [main] c.o.PayMyBuddy.PayMyBuddyApplication     : Starting PayMyBuddyApplication using Java 23 with PID 13684 (C:\Users\duckl\Desktop\OpenClassrooms\FormationJava2024\PROJET#6\PayMyBuddy\target\classes started by duckl in C:\Users\duckl\Desktop\OpenClassrooms\FormationJava2024\PROJET#6\PayMyBuddy)
2025-05-06T14:53:07.326+02:00  INFO 13684 --- [PayMyBuddy] [main] c.o.PayMyBuddy.PayMyBuddyApplication     : No active profile set, falling back to 1 default profile: "default"
2025-05-06T14:53:08.140+02:00  INFO 13684 --- [PayMyBuddy] [main] .s.d.r.c.RepositoryConfigurationDelegate : Bootstrapping Spring Data JPA repositories in DEFAULT mode.
2025-05-06T14:53:08.320+02:00  INFO 13684 --- [PayMyBuddy] [main] .s.d.r.c.RepositoryConfigurationDelegate : Finished Spring Data repository scanning in 168 ms. Found 3 JPA repository interfaces.
2025-05-06T14:53:09.003+02:00  INFO 13684 --- [PayMyBuddy] [main] o.s.b.w.embedded.tomcat.TomcatWebServer  : Tomcat initialized with port 8080 (http)
2025-05-06T14:53:09.029+02:00  INFO 13684 --- [PayMyBuddy] [main] o.apache.catalina.core.StandardService   : Starting service [Tomcat]
2025-05-06T14:53:09.029+02:00  INFO 13684 --- [PayMyBuddy] [main] o.apache.catalina.core.StandardEngine    : Starting Servlet engine: [Apache Tomcat/10.1.39]
2025-05-06T14:53:09.111+02:00  INFO 13684 --- [PayMyBuddy] [main] o.a.c.c.C.[Tomcat].[localhost].[/]       : Initializing Spring embedded WebApplicationContext
2025-05-06T14:53:09.112+02:00  INFO 13684 --- [PayMyBuddy] [main] w.s.c.ServletWebServerApplicationContext : Root WebApplicationContext: initialization completed in 1714 ms
2025-05-06T14:53:09.261+02:00  INFO 13684 --- [PayMyBuddy] [main] com.zaxxer.hikari.HikariDataSource       : HikariPool-1 - Starting...
2025-05-06T14:53:09.740+02:00  INFO 13684 --- [PayMyBuddy] [main] com.zaxxer.hikari.pool.HikariPool        : HikariPool-1 - Added connection com.mysql.cj.jdbc.ConnectionImpl@37ca3ca8
2025-05-06T14:53:09.752+02:00  INFO 13684 --- [PayMyBuddy] [main] com.zaxxer.hikari.HikariDataSource       : HikariPool-1 - Start completed.
2025-05-06T14:53:09.825+02:00  INFO 13684 --- [PayMyBuddy] [main] o.hibernate.jpa.internal.util.LogHelper  : HHH000204: Processing PersistenceUnitInfo [name: default]
2025-05-06T14:53:09.900+02:00  INFO 13684 --- [PayMyBuddy] [main] org.hibernate.Version                    : HHH000412: Hibernate ORM core version 6.6.11.Final
2025-05-06T14:53:09.950+02:00  INFO 13684 --- [PayMyBuddy] [main] o.h.c.internal.RegionFactoryInitiator    : HHH000026: Second-level cache disabled
2025-05-06T14:53:10.332+02:00  INFO 13684 --- [PayMyBuddy] [main] o.s.o.j.p.SpringPersistenceUnitInfo      : No LoadTimeWeaver setup: ignoring JPA class transformer
2025-05-06T14:53:10.472+02:00  INFO 13684 --- [PayMyBuddy] [main] org.hibernate.orm.connections.pooling    : HHH10001005: Database info:
	Database JDBC URL [Connecting through datasource 'HikariDataSource (HikariPool-1)']
	Database driver: undefined/unknown
	Database version: 9.1
	Autocommit mode: undefined/unknown
	Isolation level: undefined/unknown
	Minimum pool size: undefined/unknown
	Maximum pool size: undefined/unknown
2025-05-06T14:53:11.510+02:00  INFO 13684 --- [PayMyBuddy] [main] o.h.e.t.j.p.i.JtaPlatformInitiator       : HHH000489: No JTA platform available (set 'hibernate.transaction.jta.platform' to enable JTA platform integration)
2025-05-06T14:53:11.524+02:00  INFO 13684 --- [PayMyBuddy] [main] j.LocalContainerEntityManagerFactoryBean : Initialized JPA EntityManagerFactory for persistence unit 'default'
2025-05-06T14:53:11.830+02:00  INFO 13684 --- [PayMyBuddy] [main] o.s.d.j.r.query.QueryEnhancerFactory     : Hibernate is in classpath; If applicable, HQL parser will be used.
2025-05-06T14:53:12.241+02:00  WARN 13684 --- [PayMyBuddy] [main] JpaBaseConfiguration$JpaWebConfiguration : spring.jpa.open-in-view is enabled by default. Therefore, database queries may be performed during view rendering. Explicitly configure spring.jpa.open-in-view to disable this warning
2025-05-06T14:53:12.617+02:00  INFO 13684 --- [PayMyBuddy] [main] o.s.b.w.embedded.tomcat.TomcatWebServer  : Tomcat started on port 8080 (http) with context path '/'
2025-05-06T14:53:12.620+02:00  INFO 13684 --- [PayMyBuddy] [main] c.o.PayMyBuddy.PayMyBuddyApplication     : Started PayMyBuddyApplication in 5.91 seconds (process running for 6.44)
2025-05-06T14:53:15.626+02:00  INFO 13684 --- [PayMyBuddy] [http-nio-8080-exec-1] o.a.c.c.C.[Tomcat].[localhost].[/]       : Initializing Spring DispatcherServlet 'dispatcherServlet'
2025-05-06T14:53:15.626+02:00  INFO 13684 --- [PayMyBuddy] [http-nio-8080-exec-1] o.s.web.servlet.DispatcherServlet        : Initializing Servlet 'dispatcherServlet'
2025-05-06T14:53:15.626+02:00  INFO 13684 --- [PayMyBuddy] [http-nio-8080-exec-1] o.s.web.servlet.DispatcherServlet        : Completed initialization in 0 ms
2025-05-06T14:53:51.970+02:00  INFO 13684 --- [PayMyBuddy] [SpringApplicationShutdownHook] o.s.b.w.e.tomcat.GracefulShutdown        : Commencing graceful shutdown. Waiting for active requests to complete
2025-05-06T14:53:51.970+02:00  INFO 13684 --- [PayMyBuddy] [tomcat-shutdown] o.s.b.w.e.tomcat.GracefulShutdown        : Graceful shutdown complete
2025-05-06T14:53:52.005+02:00  INFO 13684 --- [PayMyBuddy] [SpringApplicationShutdownHook] j.LocalContainerEntityManagerFactoryBean : Closing JPA EntityManagerFactory for persistence unit 'default'
2025-05-06T14:53:52.010+02:00  INFO 13684 --- [PayMyBuddy] [SpringApplicationShutdownHook] com.zaxxer.hikari.HikariDataSource       : HikariPool-1 - Shutdown initiated...
2025-05-06T14:53:52.020+02:00  INFO 13684 --- [PayMyBuddy] [SpringApplicationShutdownHook] com.zaxxer.hikari.HikariDataSource       : HikariPool-1 - Shutdown completed.
2025-05-06T14:53:59.284+02:00  INFO 2076 --- [PayMyBuddy] [main] c.o.PayMyBuddy.PayMyBuddyApplication     : Starting PayMyBuddyApplication using Java 23 with PID 2076 (C:\Users\duckl\Desktop\OpenClassrooms\FormationJava2024\PROJET#6\PayMyBuddy\target\classes started by duckl in C:\Users\duckl\Desktop\OpenClassrooms\FormationJava2024\PROJET#6\PayMyBuddy)
2025-05-06T14:53:59.290+02:00  INFO 2076 --- [PayMyBuddy] [main] c.o.PayMyBuddy.PayMyBuddyApplication     : No active profile set, falling back to 1 default profile: "default"
2025-05-06T14:54:00.101+02:00  INFO 2076 --- [PayMyBuddy] [main] .s.d.r.c.RepositoryConfigurationDelegate : Bootstrapping Spring Data JPA repositories in DEFAULT mode.
2025-05-06T14:54:00.282+02:00  INFO 2076 --- [PayMyBuddy] [main] .s.d.r.c.RepositoryConfigurationDelegate : Finished Spring Data repository scanning in 167 ms. Found 3 JPA repository interfaces.
2025-05-06T14:54:00.972+02:00  INFO 2076 --- [PayMyBuddy] [main] o.s.b.w.embedded.tomcat.TomcatWebServer  : Tomcat initialized with port 8080 (http)
2025-05-06T14:54:00.991+02:00  INFO 2076 --- [PayMyBuddy] [main] o.apache.catalina.core.StandardService   : Starting service [Tomcat]
2025-05-06T14:54:00.992+02:00  INFO 2076 --- [PayMyBuddy] [main] o.apache.catalina.core.StandardEngine    : Starting Servlet engine: [Apache Tomcat/10.1.39]
2025-05-06T14:54:01.075+02:00  INFO 2076 --- [PayMyBuddy] [main] o.a.c.c.C.[Tomcat].[localhost].[/]       : Initializing Spring embedded WebApplicationContext
2025-05-06T14:54:01.075+02:00  INFO 2076 --- [PayMyBuddy] [main] w.s.c.ServletWebServerApplicationContext : Root WebApplicationContext: initialization completed in 1713 ms
2025-05-06T14:54:01.222+02:00  INFO 2076 --- [PayMyBuddy] [main] com.zaxxer.hikari.HikariDataSource       : HikariPool-1 - Starting...
2025-05-06T14:54:01.728+02:00  INFO 2076 --- [PayMyBuddy] [main] com.zaxxer.hikari.pool.HikariPool        : HikariPool-1 - Added connection com.mysql.cj.jdbc.ConnectionImpl@37ca3ca8
2025-05-06T14:54:01.730+02:00  INFO 2076 --- [PayMyBuddy] [main] com.zaxxer.hikari.HikariDataSource       : HikariPool-1 - Start completed.
2025-05-06T14:54:01.800+02:00  INFO 2076 --- [PayMyBuddy] [main] o.hibernate.jpa.internal.util.LogHelper  : HHH000204: Processing PersistenceUnitInfo [name: default]
2025-05-06T14:54:01.872+02:00  INFO 2076 --- [PayMyBuddy] [main] org.hibernate.Version                    : HHH000412: Hibernate ORM core version 6.6.11.Final
2025-05-06T14:54:01.924+02:00  INFO 2076 --- [PayMyBuddy] [main] o.h.c.internal.RegionFactoryInitiator    : HHH000026: Second-level cache disabled
2025-05-06T14:54:02.305+02:00  INFO 2076 --- [PayMyBuddy] [main] o.s.o.j.p.SpringPersistenceUnitInfo      : No LoadTimeWeaver setup: ignoring JPA class transformer
2025-05-06T14:54:02.441+02:00  INFO 2076 --- [PayMyBuddy] [main] org.hibernate.orm.connections.pooling    : HHH10001005: Database info:
	Database JDBC URL [Connecting through datasource 'HikariDataSource (HikariPool-1)']
	Database driver: undefined/unknown
	Database version: 9.1
	Autocommit mode: undefined/unknown
	Isolation level: undefined/unknown
	Minimum pool size: undefined/unknown
	Maximum pool size: undefined/unknown
2025-05-06T14:54:03.480+02:00  INFO 2076 --- [PayMyBuddy] [main] o.h.e.t.j.p.i.JtaPlatformInitiator       : HHH000489: No JTA platform available (set 'hibernate.transaction.jta.platform' to enable JTA platform integration)
2025-05-06T14:54:03.482+02:00  INFO 2076 --- [PayMyBuddy] [main] j.LocalContainerEntityManagerFactoryBean : Initialized JPA EntityManagerFactory for persistence unit 'default'
2025-05-06T14:54:03.852+02:00  INFO 2076 --- [PayMyBuddy] [main] o.s.d.j.r.query.QueryEnhancerFactory     : Hibernate is in classpath; If applicable, HQL parser will be used.
2025-05-06T14:54:04.237+02:00  WARN 2076 --- [PayMyBuddy] [main] JpaBaseConfiguration$JpaWebConfiguration : spring.jpa.open-in-view is enabled by default. Therefore, database queries may be performed during view rendering. Explicitly configure spring.jpa.open-in-view to disable this warning
2025-05-06T14:54:04.601+02:00  INFO 2076 --- [PayMyBuddy] [main] o.s.b.w.embedded.tomcat.TomcatWebServer  : Tomcat started on port 8080 (http) with context path '/'
2025-05-06T14:54:04.612+02:00  INFO 2076 --- [PayMyBuddy] [main] c.o.PayMyBuddy.PayMyBuddyApplication     : Started PayMyBuddyApplication in 5.937 seconds (process running for 6.443)
2025-05-06T14:54:07.521+02:00  INFO 2076 --- [PayMyBuddy] [http-nio-8080-exec-1] o.a.c.c.C.[Tomcat].[localhost].[/]       : Initializing Spring DispatcherServlet 'dispatcherServlet'
2025-05-06T14:54:07.521+02:00  INFO 2076 --- [PayMyBuddy] [http-nio-8080-exec-1] o.s.web.servlet.DispatcherServlet        : Initializing Servlet 'dispatcherServlet'
2025-05-06T14:54:07.521+02:00  INFO 2076 --- [PayMyBuddy] [http-nio-8080-exec-1] o.s.web.servlet.DispatcherServlet        : Completed initialization in 0 ms
2025-05-06T14:55:08.020+02:00  INFO 2076 --- [PayMyBuddy] [SpringApplicationShutdownHook] o.s.b.w.e.tomcat.GracefulShutdown        : Commencing graceful shutdown. Waiting for active requests to complete
2025-05-06T14:55:08.033+02:00  INFO 2076 --- [PayMyBuddy] [tomcat-shutdown] o.s.b.w.e.tomcat.GracefulShutdown        : Graceful shutdown complete
2025-05-06T14:55:08.065+02:00  INFO 2076 --- [PayMyBuddy] [SpringApplicationShutdownHook] j.LocalContainerEntityManagerFactoryBean : Closing JPA EntityManagerFactory for persistence unit 'default'
2025-05-06T14:55:08.065+02:00  INFO 2076 --- [PayMyBuddy] [SpringApplicationShutdownHook] com.zaxxer.hikari.HikariDataSource       : HikariPool-1 - Shutdown initiated...
2025-05-06T14:55:08.075+02:00  INFO 2076 --- [PayMyBuddy] [SpringApplicationShutdownHook] com.zaxxer.hikari.HikariDataSource       : HikariPool-1 - Shutdown completed.
2025-05-06T14:55:15.954+02:00  INFO 21136 --- [PayMyBuddy] [main] c.o.PayMyBuddy.PayMyBuddyApplication     : Starting PayMyBuddyApplication using Java 23 with PID 21136 (C:\Users\duckl\Desktop\OpenClassrooms\FormationJava2024\PROJET#6\PayMyBuddy\target\classes started by duckl in C:\Users\duckl\Desktop\OpenClassrooms\FormationJava2024\PROJET#6\PayMyBuddy)
2025-05-06T14:55:15.954+02:00  INFO 21136 --- [PayMyBuddy] [main] c.o.PayMyBuddy.PayMyBuddyApplication     : No active profile set, falling back to 1 default profile: "default"
2025-05-06T14:55:16.764+02:00  INFO 21136 --- [PayMyBuddy] [main] .s.d.r.c.RepositoryConfigurationDelegate : Bootstrapping Spring Data JPA repositories in DEFAULT mode.
2025-05-06T14:55:16.945+02:00  INFO 21136 --- [PayMyBuddy] [main] .s.d.r.c.RepositoryConfigurationDelegate : Finished Spring Data repository scanning in 168 ms. Found 3 JPA repository interfaces.
2025-05-06T14:55:17.620+02:00  INFO 21136 --- [PayMyBuddy] [main] o.s.b.w.embedded.tomcat.TomcatWebServer  : Tomcat initialized with port 8080 (http)
2025-05-06T14:55:17.641+02:00  INFO 21136 --- [PayMyBuddy] [main] o.apache.catalina.core.StandardService   : Starting service [Tomcat]
2025-05-06T14:55:17.641+02:00  INFO 21136 --- [PayMyBuddy] [main] o.apache.catalina.core.StandardEngine    : Starting Servlet engine: [Apache Tomcat/10.1.39]
2025-05-06T14:55:17.713+02:00  INFO 21136 --- [PayMyBuddy] [main] o.a.c.c.C.[Tomcat].[localhost].[/]       : Initializing Spring embedded WebApplicationContext
2025-05-06T14:55:17.720+02:00  INFO 21136 --- [PayMyBuddy] [main] w.s.c.ServletWebServerApplicationContext : Root WebApplicationContext: initialization completed in 1699 ms
2025-05-06T14:55:17.860+02:00  INFO 21136 --- [PayMyBuddy] [main] com.zaxxer.hikari.HikariDataSource       : HikariPool-1 - Starting...
2025-05-06T14:55:18.330+02:00  INFO 21136 --- [PayMyBuddy] [main] com.zaxxer.hikari.pool.HikariPool        : HikariPool-1 - Added connection com.mysql.cj.jdbc.ConnectionImpl@37ca3ca8
2025-05-06T14:55:18.330+02:00  INFO 21136 --- [PayMyBuddy] [main] com.zaxxer.hikari.HikariDataSource       : HikariPool-1 - Start completed.
2025-05-06T14:55:18.401+02:00  INFO 21136 --- [PayMyBuddy] [main] o.hibernate.jpa.internal.util.LogHelper  : HHH000204: Processing PersistenceUnitInfo [name: default]
2025-05-06T14:55:18.478+02:00  INFO 21136 --- [PayMyBuddy] [main] org.hibernate.Version                    : HHH000412: Hibernate ORM core version 6.6.11.Final
2025-05-06T14:55:18.520+02:00  INFO 21136 --- [PayMyBuddy] [main] o.h.c.internal.RegionFactoryInitiator    : HHH000026: Second-level cache disabled
2025-05-06T14:55:18.910+02:00  INFO 21136 --- [PayMyBuddy] [main] o.s.o.j.p.SpringPersistenceUnitInfo      : No LoadTimeWeaver setup: ignoring JPA class transformer
2025-05-06T14:55:19.040+02:00  INFO 21136 --- [PayMyBuddy] [main] org.hibernate.orm.connections.pooling    : HHH10001005: Database info:
	Database JDBC URL [Connecting through datasource 'HikariDataSource (HikariPool-1)']
	Database driver: undefined/unknown
	Database version: 9.1
	Autocommit mode: undefined/unknown
	Isolation level: undefined/unknown
	Minimum pool size: undefined/unknown
	Maximum pool size: undefined/unknown
2025-05-06T14:55:20.147+02:00  INFO 21136 --- [PayMyBuddy] [main] o.h.e.t.j.p.i.JtaPlatformInitiator       : HHH000489: No JTA platform available (set 'hibernate.transaction.jta.platform' to enable JTA platform integration)
2025-05-06T14:55:20.150+02:00  INFO 21136 --- [PayMyBuddy] [main] j.LocalContainerEntityManagerFactoryBean : Initialized JPA EntityManagerFactory for persistence unit 'default'
2025-05-06T14:55:20.440+02:00  INFO 21136 --- [PayMyBuddy] [main] o.s.d.j.r.query.QueryEnhancerFactory     : Hibernate is in classpath; If applicable, HQL parser will be used.
2025-05-06T14:55:20.892+02:00  WARN 21136 --- [PayMyBuddy] [main] JpaBaseConfiguration$JpaWebConfiguration : spring.jpa.open-in-view is enabled by default. Therefore, database queries may be performed during view rendering. Explicitly configure spring.jpa.open-in-view to disable this warning
2025-05-06T14:55:21.260+02:00  INFO 21136 --- [PayMyBuddy] [main] o.s.b.w.embedded.tomcat.TomcatWebServer  : Tomcat started on port 8080 (http) with context path '/'
2025-05-06T14:55:21.271+02:00  INFO 21136 --- [PayMyBuddy] [main] c.o.PayMyBuddy.PayMyBuddyApplication     : Started PayMyBuddyApplication in 5.93 seconds (process running for 6.431)
2025-05-06T14:55:28.364+02:00  INFO 21136 --- [PayMyBuddy] [http-nio-8080-exec-1] o.a.c.c.C.[Tomcat].[localhost].[/]       : Initializing Spring DispatcherServlet 'dispatcherServlet'
2025-05-06T14:55:28.364+02:00  INFO 21136 --- [PayMyBuddy] [http-nio-8080-exec-1] o.s.web.servlet.DispatcherServlet        : Initializing Servlet 'dispatcherServlet'
2025-05-06T14:55:28.364+02:00  INFO 21136 --- [PayMyBuddy] [http-nio-8080-exec-1] o.s.web.servlet.DispatcherServlet        : Completed initialization in 0 ms
2025-05-06T14:55:52.980+02:00  INFO 21136 --- [PayMyBuddy] [SpringApplicationShutdownHook] o.s.b.w.e.tomcat.GracefulShutdown        : Commencing graceful shutdown. Waiting for active requests to complete
2025-05-06T14:55:52.991+02:00  INFO 21136 --- [PayMyBuddy] [tomcat-shutdown] o.s.b.w.e.tomcat.GracefulShutdown        : Graceful shutdown complete
2025-05-06T14:55:53.040+02:00  INFO 21136 --- [PayMyBuddy] [SpringApplicationShutdownHook] j.LocalContainerEntityManagerFactoryBean : Closing JPA EntityManagerFactory for persistence unit 'default'
2025-05-06T14:55:53.040+02:00  INFO 21136 --- [PayMyBuddy] [SpringApplicationShutdownHook] com.zaxxer.hikari.HikariDataSource       : HikariPool-1 - Shutdown initiated...
2025-05-06T14:55:53.056+02:00  INFO 21136 --- [PayMyBuddy] [SpringApplicationShutdownHook] com.zaxxer.hikari.HikariDataSource       : HikariPool-1 - Shutdown completed.
2025-05-06T14:56:00.243+02:00  INFO 21936 --- [PayMyBuddy] [main] c.o.PayMyBuddy.PayMyBuddyApplication     : Starting PayMyBuddyApplication using Java 23 with PID 21936 (C:\Users\duckl\Desktop\OpenClassrooms\FormationJava2024\PROJET#6\PayMyBuddy\target\classes started by duckl in C:\Users\duckl\Desktop\OpenClassrooms\FormationJava2024\PROJET#6\PayMyBuddy)
2025-05-06T14:56:00.250+02:00  INFO 21936 --- [PayMyBuddy] [main] c.o.PayMyBuddy.PayMyBuddyApplication     : No active profile set, falling back to 1 default profile: "default"
2025-05-06T14:56:01.080+02:00  INFO 21936 --- [PayMyBuddy] [main] .s.d.r.c.RepositoryConfigurationDelegate : Bootstrapping Spring Data JPA repositories in DEFAULT mode.
2025-05-06T14:56:01.261+02:00  INFO 21936 --- [PayMyBuddy] [main] .s.d.r.c.RepositoryConfigurationDelegate : Finished Spring Data repository scanning in 165 ms. Found 3 JPA repository interfaces.
2025-05-06T14:56:01.951+02:00  INFO 21936 --- [PayMyBuddy] [main] o.s.b.w.embedded.tomcat.TomcatWebServer  : Tomcat initialized with port 8080 (http)
2025-05-06T14:56:01.980+02:00  INFO 21936 --- [PayMyBuddy] [main] o.apache.catalina.core.StandardService   : Starting service [Tomcat]
2025-05-06T14:56:01.980+02:00  INFO 21936 --- [PayMyBuddy] [main] o.apache.catalina.core.StandardEngine    : Starting Servlet engine: [Apache Tomcat/10.1.39]
2025-05-06T14:56:02.060+02:00  INFO 21936 --- [PayMyBuddy] [main] o.a.c.c.C.[Tomcat].[localhost].[/]       : Initializing Spring embedded WebApplicationContext
2025-05-06T14:56:02.060+02:00  INFO 21936 --- [PayMyBuddy] [main] w.s.c.ServletWebServerApplicationContext : Root WebApplicationContext: initialization completed in 1736 ms
2025-05-06T14:56:02.212+02:00  INFO 21936 --- [PayMyBuddy] [main] com.zaxxer.hikari.HikariDataSource       : HikariPool-1 - Starting...
2025-05-06T14:56:02.681+02:00  INFO 21936 --- [PayMyBuddy] [main] com.zaxxer.hikari.pool.HikariPool        : HikariPool-1 - Added connection com.mysql.cj.jdbc.ConnectionImpl@13f40d71
2025-05-06T14:56:02.691+02:00  INFO 21936 --- [PayMyBuddy] [main] com.zaxxer.hikari.HikariDataSource       : HikariPool-1 - Start completed.
2025-05-06T14:56:02.762+02:00  INFO 21936 --- [PayMyBuddy] [main] o.hibernate.jpa.internal.util.LogHelper  : HHH000204: Processing PersistenceUnitInfo [name: default]
2025-05-06T14:56:02.832+02:00  INFO 21936 --- [PayMyBuddy] [main] org.hibernate.Version                    : HHH000412: Hibernate ORM core version 6.6.11.Final
2025-05-06T14:56:02.884+02:00  INFO 21936 --- [PayMyBuddy] [main] o.h.c.internal.RegionFactoryInitiator    : HHH000026: Second-level cache disabled
2025-05-06T14:56:03.260+02:00  INFO 21936 --- [PayMyBuddy] [main] o.s.o.j.p.SpringPersistenceUnitInfo      : No LoadTimeWeaver setup: ignoring JPA class transformer
2025-05-06T14:56:03.420+02:00  INFO 21936 --- [PayMyBuddy] [main] org.hibernate.orm.connections.pooling    : HHH10001005: Database info:
	Database JDBC URL [Connecting through datasource 'HikariDataSource (HikariPool-1)']
	Database driver: undefined/unknown
	Database version: 9.1
	Autocommit mode: undefined/unknown
	Isolation level: undefined/unknown
	Minimum pool size: undefined/unknown
	Maximum pool size: undefined/unknown
2025-05-06T14:56:04.493+02:00  INFO 21936 --- [PayMyBuddy] [main] o.h.e.t.j.p.i.JtaPlatformInitiator       : HHH000489: No JTA platform available (set 'hibernate.transaction.jta.platform' to enable JTA platform integration)
2025-05-06T14:56:04.493+02:00  INFO 21936 --- [PayMyBuddy] [main] j.LocalContainerEntityManagerFactoryBean : Initialized JPA EntityManagerFactory for persistence unit 'default'
2025-05-06T14:56:04.801+02:00  INFO 21936 --- [PayMyBuddy] [main] o.s.d.j.r.query.QueryEnhancerFactory     : Hibernate is in classpath; If applicable, HQL parser will be used.
2025-05-06T14:56:05.169+02:00  WARN 21936 --- [PayMyBuddy] [main] JpaBaseConfiguration$JpaWebConfiguration : spring.jpa.open-in-view is enabled by default. Therefore, database queries may be performed during view rendering. Explicitly configure spring.jpa.open-in-view to disable this warning
2025-05-06T14:56:05.544+02:00  INFO 21936 --- [PayMyBuddy] [main] o.s.b.w.embedded.tomcat.TomcatWebServer  : Tomcat started on port 8080 (http) with context path '/'
2025-05-06T14:56:05.551+02:00  INFO 21936 --- [PayMyBuddy] [main] c.o.PayMyBuddy.PayMyBuddyApplication     : Started PayMyBuddyApplication in 5.92 seconds (process running for 6.415)
2025-05-06T14:56:11.572+02:00  INFO 21936 --- [PayMyBuddy] [http-nio-8080-exec-1] o.a.c.c.C.[Tomcat].[localhost].[/]       : Initializing Spring DispatcherServlet 'dispatcherServlet'
2025-05-06T14:56:11.572+02:00  INFO 21936 --- [PayMyBuddy] [http-nio-8080-exec-1] o.s.web.servlet.DispatcherServlet        : Initializing Servlet 'dispatcherServlet'
2025-05-06T14:56:11.572+02:00  INFO 21936 --- [PayMyBuddy] [http-nio-8080-exec-1] o.s.web.servlet.DispatcherServlet        : Completed initialization in 0 ms
2025-05-06T15:02:28.876+02:00  INFO 21936 --- [PayMyBuddy] [SpringApplicationShutdownHook] o.s.b.w.e.tomcat.GracefulShutdown        : Commencing graceful shutdown. Waiting for active requests to complete
2025-05-06T15:02:28.886+02:00  INFO 21936 --- [PayMyBuddy] [tomcat-shutdown] o.s.b.w.e.tomcat.GracefulShutdown        : Graceful shutdown complete
2025-05-06T15:02:28.923+02:00  INFO 21936 --- [PayMyBuddy] [SpringApplicationShutdownHook] j.LocalContainerEntityManagerFactoryBean : Closing JPA EntityManagerFactory for persistence unit 'default'
2025-05-06T15:02:28.925+02:00  INFO 21936 --- [PayMyBuddy] [SpringApplicationShutdownHook] com.zaxxer.hikari.HikariDataSource       : HikariPool-1 - Shutdown initiated...
2025-05-06T15:02:28.938+02:00  INFO 21936 --- [PayMyBuddy] [SpringApplicationShutdownHook] com.zaxxer.hikari.HikariDataSource       : HikariPool-1 - Shutdown completed.
2025-05-06T15:02:37.130+02:00  INFO 28268 --- [PayMyBuddy] [main] c.o.PayMyBuddy.PayMyBuddyApplication     : Starting PayMyBuddyApplication using Java 23 with PID 28268 (C:\Users\duckl\Desktop\OpenClassrooms\FormationJava2024\PROJET#6\PayMyBuddy\target\classes started by duckl in C:\Users\duckl\Desktop\OpenClassrooms\FormationJava2024\PROJET#6\PayMyBuddy)
2025-05-06T15:02:37.133+02:00  INFO 28268 --- [PayMyBuddy] [main] c.o.PayMyBuddy.PayMyBuddyApplication     : No active profile set, falling back to 1 default profile: "default"
2025-05-06T15:02:38.067+02:00  INFO 28268 --- [PayMyBuddy] [main] .s.d.r.c.RepositoryConfigurationDelegate : Bootstrapping Spring Data JPA repositories in DEFAULT mode.
2025-05-06T15:02:38.270+02:00  INFO 28268 --- [PayMyBuddy] [main] .s.d.r.c.RepositoryConfigurationDelegate : Finished Spring Data repository scanning in 189 ms. Found 3 JPA repository interfaces.
2025-05-06T15:02:39.047+02:00  INFO 28268 --- [PayMyBuddy] [main] o.s.b.w.embedded.tomcat.TomcatWebServer  : Tomcat initialized with port 8080 (http)
2025-05-06T15:02:39.083+02:00  INFO 28268 --- [PayMyBuddy] [main] o.apache.catalina.core.StandardService   : Starting service [Tomcat]
2025-05-06T15:02:39.083+02:00  INFO 28268 --- [PayMyBuddy] [main] o.apache.catalina.core.StandardEngine    : Starting Servlet engine: [Apache Tomcat/10.1.39]
2025-05-06T15:02:39.174+02:00  INFO 28268 --- [PayMyBuddy] [main] o.a.c.c.C.[Tomcat].[localhost].[/]       : Initializing Spring embedded WebApplicationContext
2025-05-06T15:02:39.174+02:00  INFO 28268 --- [PayMyBuddy] [main] w.s.c.ServletWebServerApplicationContext : Root WebApplicationContext: initialization completed in 1958 ms
2025-05-06T15:02:39.343+02:00  INFO 28268 --- [PayMyBuddy] [main] com.zaxxer.hikari.HikariDataSource       : HikariPool-1 - Starting...
2025-05-06T15:02:39.874+02:00  INFO 28268 --- [PayMyBuddy] [main] com.zaxxer.hikari.pool.HikariPool        : HikariPool-1 - Added connection com.mysql.cj.jdbc.ConnectionImpl@18a98913
2025-05-06T15:02:39.878+02:00  INFO 28268 --- [PayMyBuddy] [main] com.zaxxer.hikari.HikariDataSource       : HikariPool-1 - Start completed.
2025-05-06T15:02:39.962+02:00  INFO 28268 --- [PayMyBuddy] [main] o.hibernate.jpa.internal.util.LogHelper  : HHH000204: Processing PersistenceUnitInfo [name: default]
2025-05-06T15:02:40.044+02:00  INFO 28268 --- [PayMyBuddy] [main] org.hibernate.Version                    : HHH000412: Hibernate ORM core version 6.6.11.Final
2025-05-06T15:02:40.100+02:00  INFO 28268 --- [PayMyBuddy] [main] o.h.c.internal.RegionFactoryInitiator    : HHH000026: Second-level cache disabled
2025-05-06T15:02:40.524+02:00  INFO 28268 --- [PayMyBuddy] [main] o.s.o.j.p.SpringPersistenceUnitInfo      : No LoadTimeWeaver setup: ignoring JPA class transformer
2025-05-06T15:02:40.664+02:00  INFO 28268 --- [PayMyBuddy] [main] org.hibernate.orm.connections.pooling    : HHH10001005: Database info:
	Database JDBC URL [Connecting through datasource 'HikariDataSource (HikariPool-1)']
	Database driver: undefined/unknown
	Database version: 9.1
	Autocommit mode: undefined/unknown
	Isolation level: undefined/unknown
	Minimum pool size: undefined/unknown
	Maximum pool size: undefined/unknown
2025-05-06T15:02:41.839+02:00  INFO 28268 --- [PayMyBuddy] [main] o.h.e.t.j.p.i.JtaPlatformInitiator       : HHH000489: No JTA platform available (set 'hibernate.transaction.jta.platform' to enable JTA platform integration)
2025-05-06T15:02:41.844+02:00  INFO 28268 --- [PayMyBuddy] [main] j.LocalContainerEntityManagerFactoryBean : Initialized JPA EntityManagerFactory for persistence unit 'default'
2025-05-06T15:02:42.177+02:00  INFO 28268 --- [PayMyBuddy] [main] o.s.d.j.r.query.QueryEnhancerFactory     : Hibernate is in classpath; If applicable, HQL parser will be used.
2025-05-06T15:02:42.610+02:00  WARN 28268 --- [PayMyBuddy] [main] JpaBaseConfiguration$JpaWebConfiguration : spring.jpa.open-in-view is enabled by default. Therefore, database queries may be performed during view rendering. Explicitly configure spring.jpa.open-in-view to disable this warning
2025-05-06T15:02:43.021+02:00  INFO 28268 --- [PayMyBuddy] [main] o.s.b.w.embedded.tomcat.TomcatWebServer  : Tomcat started on port 8080 (http) with context path '/'
2025-05-06T15:02:43.030+02:00  INFO 28268 --- [PayMyBuddy] [main] c.o.PayMyBuddy.PayMyBuddyApplication     : Started PayMyBuddyApplication in 6.575 seconds (process running for 7.143)
2025-05-06T15:02:43.303+02:00  INFO 28268 --- [PayMyBuddy] [http-nio-8080-exec-1] o.a.c.c.C.[Tomcat].[localhost].[/]       : Initializing Spring DispatcherServlet 'dispatcherServlet'
2025-05-06T15:02:43.303+02:00  INFO 28268 --- [PayMyBuddy] [http-nio-8080-exec-1] o.s.web.servlet.DispatcherServlet        : Initializing Servlet 'dispatcherServlet'
2025-05-06T15:02:43.305+02:00  INFO 28268 --- [PayMyBuddy] [http-nio-8080-exec-1] o.s.web.servlet.DispatcherServlet        : Completed initialization in 1 ms
2025-05-06T15:04:47.668+02:00  INFO 28268 --- [PayMyBuddy] [http-nio-8080-exec-4] c.o.P.controller.UserController          : /signup/save - 200
2025-05-06T15:06:48.524+02:00  INFO 28268 --- [PayMyBuddy] [http-nio-8080-exec-3] c.o.P.controller.UserController          : /signup/save - 200
2025-05-06T15:07:48.588+02:00  WARN 28268 --- [PayMyBuddy] [http-nio-8080-exec-5] o.h.engine.jdbc.spi.SqlExceptionHelper   : SQL Error: 1062, SQLState: 23000
2025-05-06T15:07:48.589+02:00 ERROR 28268 --- [PayMyBuddy] [http-nio-8080-exec-5] o.h.engine.jdbc.spi.SqlExceptionHelper   : Duplicate entry 'jackcurtis@gmail.com' for key 't_user.email'
2025-05-06T15:07:48.604+02:00 ERROR 28268 --- [PayMyBuddy] [http-nio-8080-exec-5] c.o.P.controller.UserController          : /signup/save - 500: 

org.springframework.dao.DataIntegrityViolationException: could not execute statement [Duplicate entry 'jackcurtis@gmail.com' for key 't_user.email'] [update t_user set email=?,password=?,user=? where id_user=?]; SQL [update t_user set email=?,password=?,user=? where id_user=?]; constraint [t_user.email]
	at org.springframework.orm.jpa.vendor.HibernateJpaDialect.convertHibernateAccessException(HibernateJpaDialect.java:290) ~[spring-orm-6.2.5.jar:6.2.5]
	at org.springframework.orm.jpa.vendor.HibernateJpaDialect.translateExceptionIfPossible(HibernateJpaDialect.java:241) ~[spring-orm-6.2.5.jar:6.2.5]
	at org.springframework.orm.jpa.JpaTransactionManager.doCommit(JpaTransactionManager.java:566) ~[spring-orm-6.2.5.jar:6.2.5]
	at org.springframework.transaction.support.AbstractPlatformTransactionManager.processCommit(AbstractPlatformTransactionManager.java:795) ~[spring-tx-6.2.5.jar:6.2.5]
	at org.springframework.transaction.support.AbstractPlatformTransactionManager.commit(AbstractPlatformTransactionManager.java:758) ~[spring-tx-6.2.5.jar:6.2.5]
	at org.springframework.transaction.interceptor.TransactionAspectSupport.commitTransactionAfterReturning(TransactionAspectSupport.java:698) ~[spring-tx-6.2.5.jar:6.2.5]
	at org.springframework.transaction.interceptor.TransactionAspectSupport.invokeWithinTransaction(TransactionAspectSupport.java:416) ~[spring-tx-6.2.5.jar:6.2.5]
	at org.springframework.transaction.interceptor.TransactionInterceptor.invoke(TransactionInterceptor.java:119) ~[spring-tx-6.2.5.jar:6.2.5]
	at org.springframework.aop.framework.ReflectiveMethodInvocation.proceed(ReflectiveMethodInvocation.java:184) ~[spring-aop-6.2.5.jar:6.2.5]
	at org.springframework.dao.support.PersistenceExceptionTranslationInterceptor.invoke(PersistenceExceptionTranslationInterceptor.java:138) ~[spring-tx-6.2.5.jar:6.2.5]
	at org.springframework.aop.framework.ReflectiveMethodInvocation.proceed(ReflectiveMethodInvocation.java:184) ~[spring-aop-6.2.5.jar:6.2.5]
	at org.springframework.data.jpa.repository.support.CrudMethodMetadataPostProcessor$CrudMethodMetadataPopulatingMethodInterceptor.invoke(CrudMethodMetadataPostProcessor.java:165) ~[spring-data-jpa-3.4.4.jar:3.4.4]
	at org.springframework.aop.framework.ReflectiveMethodInvocation.proceed(ReflectiveMethodInvocation.java:184) ~[spring-aop-6.2.5.jar:6.2.5]
	at org.springframework.aop.framework.JdkDynamicAopProxy.invoke(JdkDynamicAopProxy.java:223) ~[spring-aop-6.2.5.jar:6.2.5]
	at jdk.proxy2/jdk.proxy2.$Proxy121.save(Unknown Source) ~[na:na]
	at com.openclassrooms.PayMyBuddy.service.UserService.updateUser(UserService.java:100) ~[classes/:na]
	at com.openclassrooms.PayMyBuddy.controller.UserController.updateProfile(UserController.java:208) ~[classes/:na]
	at java.base/jdk.internal.reflect.DirectMethodHandleAccessor.invoke(DirectMethodHandleAccessor.java:103) ~[na:na]
	at java.base/java.lang.reflect.Method.invoke(Method.java:580) ~[na:na]
	at org.springframework.web.method.support.InvocableHandlerMethod.doInvoke(InvocableHandlerMethod.java:258) ~[spring-web-6.2.5.jar:6.2.5]
	at org.springframework.web.method.support.InvocableHandlerMethod.invokeForRequest(InvocableHandlerMethod.java:191) ~[spring-web-6.2.5.jar:6.2.5]
	at org.springframework.web.servlet.mvc.method.annotation.ServletInvocableHandlerMethod.invokeAndHandle(ServletInvocableHandlerMethod.java:118) ~[spring-webmvc-6.2.5.jar:6.2.5]
	at org.springframework.web.servlet.mvc.method.annotation.RequestMappingHandlerAdapter.invokeHandlerMethod(RequestMappingHandlerAdapter.java:986) ~[spring-webmvc-6.2.5.jar:6.2.5]
	at org.springframework.web.servlet.mvc.method.annotation.RequestMappingHandlerAdapter.handleInternal(RequestMappingHandlerAdapter.java:891) ~[spring-webmvc-6.2.5.jar:6.2.5]
	at org.springframework.web.servlet.mvc.method.AbstractHandlerMethodAdapter.handle(AbstractHandlerMethodAdapter.java:87) ~[spring-webmvc-6.2.5.jar:6.2.5]
	at org.springframework.web.servlet.DispatcherServlet.doDispatch(DispatcherServlet.java:1089) ~[spring-webmvc-6.2.5.jar:6.2.5]
	at org.springframework.web.servlet.DispatcherServlet.doService(DispatcherServlet.java:979) ~[spring-webmvc-6.2.5.jar:6.2.5]
	at org.springframework.web.servlet.FrameworkServlet.processRequest(FrameworkServlet.java:1014) ~[spring-webmvc-6.2.5.jar:6.2.5]
	at org.springframework.web.servlet.FrameworkServlet.doPost(FrameworkServlet.java:914) ~[spring-webmvc-6.2.5.jar:6.2.5]
	at jakarta.servlet.http.HttpServlet.service(HttpServlet.java:590) ~[tomcat-embed-core-10.1.39.jar:6.0]
	at org.springframework.web.servlet.FrameworkServlet.service(FrameworkServlet.java:885) ~[spring-webmvc-6.2.5.jar:6.2.5]
	at jakarta.servlet.http.HttpServlet.service(HttpServlet.java:658) ~[tomcat-embed-core-10.1.39.jar:6.0]
	at org.apache.catalina.core.ApplicationFilterChain.internalDoFilter(ApplicationFilterChain.java:195) ~[tomcat-embed-core-10.1.39.jar:10.1.39]
	at org.apache.catalina.core.ApplicationFilterChain.doFilter(ApplicationFilterChain.java:140) ~[tomcat-embed-core-10.1.39.jar:10.1.39]
	at org.apache.tomcat.websocket.server.WsFilter.doFilter(WsFilter.java:51) ~[tomcat-embed-websocket-10.1.39.jar:10.1.39]
	at org.apache.catalina.core.ApplicationFilterChain.internalDoFilter(ApplicationFilterChain.java:164) ~[tomcat-embed-core-10.1.39.jar:10.1.39]
	at org.apache.catalina.core.ApplicationFilterChain.doFilter(ApplicationFilterChain.java:140) ~[tomcat-embed-core-10.1.39.jar:10.1.39]
	at org.springframework.web.filter.RequestContextFilter.doFilterInternal(RequestContextFilter.java:100) ~[spring-web-6.2.5.jar:6.2.5]
	at org.springframework.web.filter.OncePerRequestFilter.doFilter(OncePerRequestFilter.java:116) ~[spring-web-6.2.5.jar:6.2.5]
	at org.apache.catalina.core.ApplicationFilterChain.internalDoFilter(ApplicationFilterChain.java:164) ~[tomcat-embed-core-10.1.39.jar:10.1.39]
	at org.apache.catalina.core.ApplicationFilterChain.doFilter(ApplicationFilterChain.java:140) ~[tomcat-embed-core-10.1.39.jar:10.1.39]
	at org.springframework.web.filter.FormContentFilter.doFilterInternal(FormContentFilter.java:93) ~[spring-web-6.2.5.jar:6.2.5]
	at org.springframework.web.filter.OncePerRequestFilter.doFilter(OncePerRequestFilter.java:116) ~[spring-web-6.2.5.jar:6.2.5]
	at org.apache.catalina.core.ApplicationFilterChain.internalDoFilter(ApplicationFilterChain.java:164) ~[tomcat-embed-core-10.1.39.jar:10.1.39]
	at org.apache.catalina.core.ApplicationFilterChain.doFilter(ApplicationFilterChain.java:140) ~[tomcat-embed-core-10.1.39.jar:10.1.39]
	at org.springframework.web.filter.CharacterEncodingFilter.doFilterInternal(CharacterEncodingFilter.java:201) ~[spring-web-6.2.5.jar:6.2.5]
	at org.springframework.web.filter.OncePerRequestFilter.doFilter(OncePerRequestFilter.java:116) ~[spring-web-6.2.5.jar:6.2.5]
	at org.apache.catalina.core.ApplicationFilterChain.internalDoFilter(ApplicationFilterChain.java:164) ~[tomcat-embed-core-10.1.39.jar:10.1.39]
	at org.apache.catalina.core.ApplicationFilterChain.doFilter(ApplicationFilterChain.java:140) ~[tomcat-embed-core-10.1.39.jar:10.1.39]
	at org.apache.catalina.core.StandardWrapperValve.invoke(StandardWrapperValve.java:167) ~[tomcat-embed-core-10.1.39.jar:10.1.39]
	at org.apache.catalina.core.StandardContextValve.invoke(StandardContextValve.java:90) ~[tomcat-embed-core-10.1.39.jar:10.1.39]
	at org.apache.catalina.authenticator.AuthenticatorBase.invoke(AuthenticatorBase.java:483) ~[tomcat-embed-core-10.1.39.jar:10.1.39]
	at org.apache.catalina.core.StandardHostValve.invoke(StandardHostValve.java:115) ~[tomcat-embed-core-10.1.39.jar:10.1.39]
	at org.apache.catalina.valves.ErrorReportValve.invoke(ErrorReportValve.java:93) ~[tomcat-embed-core-10.1.39.jar:10.1.39]
	at org.apache.catalina.core.StandardEngineValve.invoke(StandardEngineValve.java:74) ~[tomcat-embed-core-10.1.39.jar:10.1.39]
	at org.apache.catalina.connector.CoyoteAdapter.service(CoyoteAdapter.java:344) ~[tomcat-embed-core-10.1.39.jar:10.1.39]
	at org.apache.coyote.http11.Http11Processor.service(Http11Processor.java:397) ~[tomcat-embed-core-10.1.39.jar:10.1.39]
	at org.apache.coyote.AbstractProcessorLight.process(AbstractProcessorLight.java:63) ~[tomcat-embed-core-10.1.39.jar:10.1.39]
	at org.apache.coyote.AbstractProtocol$ConnectionHandler.process(AbstractProtocol.java:905) ~[tomcat-embed-core-10.1.39.jar:10.1.39]
	at org.apache.tomcat.util.net.NioEndpoint$SocketProcessor.doRun(NioEndpoint.java:1743) ~[tomcat-embed-core-10.1.39.jar:10.1.39]
	at org.apache.tomcat.util.net.SocketProcessorBase.run(SocketProcessorBase.java:52) ~[tomcat-embed-core-10.1.39.jar:10.1.39]
	at org.apache.tomcat.util.threads.ThreadPoolExecutor.runWorker(ThreadPoolExecutor.java:1190) ~[tomcat-embed-core-10.1.39.jar:10.1.39]
	at org.apache.tomcat.util.threads.ThreadPoolExecutor$Worker.run(ThreadPoolExecutor.java:659) ~[tomcat-embed-core-10.1.39.jar:10.1.39]
	at org.apache.tomcat.util.threads.TaskThread$WrappingRunnable.run(TaskThread.java:63) ~[tomcat-embed-core-10.1.39.jar:10.1.39]
	at java.base/java.lang.Thread.run(Thread.java:1575) ~[na:na]
Caused by: org.hibernate.exception.ConstraintViolationException: could not execute statement [Duplicate entry 'jackcurtis@gmail.com' for key 't_user.email'] [update t_user set email=?,password=?,user=? where id_user=?]
	at org.hibernate.dialect.MySQLDialect.lambda$buildSQLExceptionConversionDelegate$3(MySQLDialect.java:1245) ~[hibernate-core-6.6.11.Final.jar:6.6.11.Final]
	at org.hibernate.exception.internal.StandardSQLExceptionConverter.convert(StandardSQLExceptionConverter.java:58) ~[hibernate-core-6.6.11.Final.jar:6.6.11.Final]
	at org.hibernate.engine.jdbc.spi.SqlExceptionHelper.convert(SqlExceptionHelper.java:108) ~[hibernate-core-6.6.11.Final.jar:6.6.11.Final]
	at org.hibernate.engine.jdbc.internal.ResultSetReturnImpl.executeUpdate(ResultSetReturnImpl.java:197) ~[hibernate-core-6.6.11.Final.jar:6.6.11.Final]
	at org.hibernate.engine.jdbc.mutation.internal.AbstractMutationExecutor.performNonBatchedMutation(AbstractMutationExecutor.java:134) ~[hibernate-core-6.6.11.Final.jar:6.6.11.Final]
	at org.hibernate.engine.jdbc.mutation.internal.MutationExecutorSingleNonBatched.performNonBatchedOperations(MutationExecutorSingleNonBatched.java:55) ~[hibernate-core-6.6.11.Final.jar:6.6.11.Final]
	at org.hibernate.engine.jdbc.mutation.internal.AbstractMutationExecutor.execute(AbstractMutationExecutor.java:55) ~[hibernate-core-6.6.11.Final.jar:6.6.11.Final]
	at org.hibernate.persister.entity.mutation.UpdateCoordinatorStandard.doStaticUpdate(UpdateCoordinatorStandard.java:781) ~[hibernate-core-6.6.11.Final.jar:6.6.11.Final]
	at org.hibernate.persister.entity.mutation.UpdateCoordinatorStandard.performUpdate(UpdateCoordinatorStandard.java:328) ~[hibernate-core-6.6.11.Final.jar:6.6.11.Final]
	at org.hibernate.persister.entity.mutation.UpdateCoordinatorStandard.update(UpdateCoordinatorStandard.java:245) ~[hibernate-core-6.6.11.Final.jar:6.6.11.Final]
	at org.hibernate.action.internal.EntityUpdateAction.execute(EntityUpdateAction.java:169) ~[hibernate-core-6.6.11.Final.jar:6.6.11.Final]
	at org.hibernate.engine.spi.ActionQueue.executeActions(ActionQueue.java:644) ~[hibernate-core-6.6.11.Final.jar:6.6.11.Final]
	at org.hibernate.engine.spi.ActionQueue.executeActions(ActionQueue.java:511) ~[hibernate-core-6.6.11.Final.jar:6.6.11.Final]
	at org.hibernate.event.internal.AbstractFlushingEventListener.performExecutions(AbstractFlushingEventListener.java:414) ~[hibernate-core-6.6.11.Final.jar:6.6.11.Final]
	at org.hibernate.event.internal.DefaultFlushEventListener.onFlush(DefaultFlushEventListener.java:41) ~[hibernate-core-6.6.11.Final.jar:6.6.11.Final]
	at org.hibernate.event.service.internal.EventListenerGroupImpl.fireEventOnEachListener(EventListenerGroupImpl.java:127) ~[hibernate-core-6.6.11.Final.jar:6.6.11.Final]
	at org.hibernate.internal.SessionImpl.doFlush(SessionImpl.java:1429) ~[hibernate-core-6.6.11.Final.jar:6.6.11.Final]
	at org.hibernate.internal.SessionImpl.managedFlush(SessionImpl.java:491) ~[hibernate-core-6.6.11.Final.jar:6.6.11.Final]
	at org.hibernate.internal.SessionImpl.flushBeforeTransactionCompletion(SessionImpl.java:2354) ~[hibernate-core-6.6.11.Final.jar:6.6.11.Final]
	at org.hibernate.internal.SessionImpl.beforeTransactionCompletion(SessionImpl.java:1978) ~[hibernate-core-6.6.11.Final.jar:6.6.11.Final]
	at org.hibernate.engine.jdbc.internal.JdbcCoordinatorImpl.beforeTransactionCompletion(JdbcCoordinatorImpl.java:439) ~[hibernate-core-6.6.11.Final.jar:6.6.11.Final]
	at org.hibernate.resource.transaction.backend.jdbc.internal.JdbcResourceLocalTransactionCoordinatorImpl.beforeCompletionCallback(JdbcResourceLocalTransactionCoordinatorImpl.java:169) ~[hibernate-core-6.6.11.Final.jar:6.6.11.Final]
	at org.hibernate.resource.transaction.backend.jdbc.internal.JdbcResourceLocalTransactionCoordinatorImpl$TransactionDriverControlImpl.commit(JdbcResourceLocalTransactionCoordinatorImpl.java:267) ~[hibernate-core-6.6.11.Final.jar:6.6.11.Final]
	at org.hibernate.engine.transaction.internal.TransactionImpl.commit(TransactionImpl.java:101) ~[hibernate-core-6.6.11.Final.jar:6.6.11.Final]
	at org.springframework.orm.jpa.JpaTransactionManager.doCommit(JpaTransactionManager.java:562) ~[spring-orm-6.2.5.jar:6.2.5]
	... 62 common frames omitted
Caused by: java.sql.SQLIntegrityConstraintViolationException: Duplicate entry 'jackcurtis@gmail.com' for key 't_user.email'
	at com.mysql.cj.jdbc.exceptions.SQLError.createSQLException(SQLError.java:109) ~[mysql-connector-j-9.1.0.jar:9.1.0]
	at com.mysql.cj.jdbc.exceptions.SQLExceptionsMapping.translateException(SQLExceptionsMapping.java:114) ~[mysql-connector-j-9.1.0.jar:9.1.0]
	at com.mysql.cj.jdbc.ClientPreparedStatement.executeInternal(ClientPreparedStatement.java:988) ~[mysql-connector-j-9.1.0.jar:9.1.0]
	at com.mysql.cj.jdbc.ClientPreparedStatement.executeUpdateInternal(ClientPreparedStatement.java:1166) ~[mysql-connector-j-9.1.0.jar:9.1.0]
	at com.mysql.cj.jdbc.ClientPreparedStatement.executeUpdateInternal(ClientPreparedStatement.java:1101) ~[mysql-connector-j-9.1.0.jar:9.1.0]
	at com.mysql.cj.jdbc.ClientPreparedStatement.executeLargeUpdate(ClientPreparedStatement.java:1467) ~[mysql-connector-j-9.1.0.jar:9.1.0]
	at com.mysql.cj.jdbc.ClientPreparedStatement.executeUpdate(ClientPreparedStatement.java:1084) ~[mysql-connector-j-9.1.0.jar:9.1.0]
	at com.zaxxer.hikari.pool.ProxyPreparedStatement.executeUpdate(ProxyPreparedStatement.java:61) ~[HikariCP-5.1.0.jar:na]
	at com.zaxxer.hikari.pool.HikariProxyPreparedStatement.executeUpdate(HikariProxyPreparedStatement.java) ~[HikariCP-5.1.0.jar:na]
	at org.hibernate.engine.jdbc.internal.ResultSetReturnImpl.executeUpdate(ResultSetReturnImpl.java:194) ~[hibernate-core-6.6.11.Final.jar:6.6.11.Final]
	... 83 common frames omitted

2025-05-06T15:09:53.260+02:00  INFO 28268 --- [PayMyBuddy] [SpringApplicationShutdownHook] o.s.b.w.e.tomcat.GracefulShutdown        : Commencing graceful shutdown. Waiting for active requests to complete
2025-05-06T15:09:53.268+02:00  INFO 28268 --- [PayMyBuddy] [tomcat-shutdown] o.s.b.w.e.tomcat.GracefulShutdown        : Graceful shutdown complete
2025-05-06T15:09:53.306+02:00  INFO 28268 --- [PayMyBuddy] [SpringApplicationShutdownHook] j.LocalContainerEntityManagerFactoryBean : Closing JPA EntityManagerFactory for persistence unit 'default'
2025-05-06T15:09:53.309+02:00  INFO 28268 --- [PayMyBuddy] [SpringApplicationShutdownHook] com.zaxxer.hikari.HikariDataSource       : HikariPool-1 - Shutdown initiated...
2025-05-06T15:09:53.320+02:00  INFO 28268 --- [PayMyBuddy] [SpringApplicationShutdownHook] com.zaxxer.hikari.HikariDataSource       : HikariPool-1 - Shutdown completed.
2025-05-06T15:10:03.137+02:00  INFO 31088 --- [PayMyBuddy] [main] c.o.PayMyBuddy.PayMyBuddyApplication     : Starting PayMyBuddyApplication using Java 23 with PID 31088 (C:\Users\duckl\Desktop\OpenClassrooms\FormationJava2024\PROJET#6\PayMyBuddy\target\classes started by duckl in C:\Users\duckl\Desktop\OpenClassrooms\FormationJava2024\PROJET#6\PayMyBuddy)
2025-05-06T15:10:03.141+02:00  INFO 31088 --- [PayMyBuddy] [main] c.o.PayMyBuddy.PayMyBuddyApplication     : No active profile set, falling back to 1 default profile: "default"
2025-05-06T15:10:04.072+02:00  INFO 31088 --- [PayMyBuddy] [main] .s.d.r.c.RepositoryConfigurationDelegate : Bootstrapping Spring Data JPA repositories in DEFAULT mode.
2025-05-06T15:10:04.275+02:00  INFO 31088 --- [PayMyBuddy] [main] .s.d.r.c.RepositoryConfigurationDelegate : Finished Spring Data repository scanning in 189 ms. Found 3 JPA repository interfaces.
2025-05-06T15:10:05.050+02:00  INFO 31088 --- [PayMyBuddy] [main] o.s.b.w.embedded.tomcat.TomcatWebServer  : Tomcat initialized with port 8080 (http)
2025-05-06T15:10:05.071+02:00  INFO 31088 --- [PayMyBuddy] [main] o.apache.catalina.core.StandardService   : Starting service [Tomcat]
2025-05-06T15:10:05.072+02:00  INFO 31088 --- [PayMyBuddy] [main] o.apache.catalina.core.StandardEngine    : Starting Servlet engine: [Apache Tomcat/10.1.39]
2025-05-06T15:10:05.162+02:00  INFO 31088 --- [PayMyBuddy] [main] o.a.c.c.C.[Tomcat].[localhost].[/]       : Initializing Spring embedded WebApplicationContext
2025-05-06T15:10:05.163+02:00  INFO 31088 --- [PayMyBuddy] [main] w.s.c.ServletWebServerApplicationContext : Root WebApplicationContext: initialization completed in 1936 ms
2025-05-06T15:10:05.330+02:00  INFO 31088 --- [PayMyBuddy] [main] com.zaxxer.hikari.HikariDataSource       : HikariPool-1 - Starting...
2025-05-06T15:10:05.875+02:00  INFO 31088 --- [PayMyBuddy] [main] com.zaxxer.hikari.pool.HikariPool        : HikariPool-1 - Added connection com.mysql.cj.jdbc.ConnectionImpl@374ccb9
2025-05-06T15:10:05.877+02:00  INFO 31088 --- [PayMyBuddy] [main] com.zaxxer.hikari.HikariDataSource       : HikariPool-1 - Start completed.
2025-05-06T15:10:05.955+02:00  INFO 31088 --- [PayMyBuddy] [main] o.hibernate.jpa.internal.util.LogHelper  : HHH000204: Processing PersistenceUnitInfo [name: default]
2025-05-06T15:10:06.039+02:00  INFO 31088 --- [PayMyBuddy] [main] org.hibernate.Version                    : HHH000412: Hibernate ORM core version 6.6.11.Final
2025-05-06T15:10:06.097+02:00  INFO 31088 --- [PayMyBuddy] [main] o.h.c.internal.RegionFactoryInitiator    : HHH000026: Second-level cache disabled
2025-05-06T15:10:06.552+02:00  INFO 31088 --- [PayMyBuddy] [main] o.s.o.j.p.SpringPersistenceUnitInfo      : No LoadTimeWeaver setup: ignoring JPA class transformer
2025-05-06T15:10:06.697+02:00  INFO 31088 --- [PayMyBuddy] [main] org.hibernate.orm.connections.pooling    : HHH10001005: Database info:
	Database JDBC URL [Connecting through datasource 'HikariDataSource (HikariPool-1)']
	Database driver: undefined/unknown
	Database version: 9.1
	Autocommit mode: undefined/unknown
	Isolation level: undefined/unknown
	Minimum pool size: undefined/unknown
	Maximum pool size: undefined/unknown
2025-05-06T15:10:07.929+02:00  INFO 31088 --- [PayMyBuddy] [main] o.h.e.t.j.p.i.JtaPlatformInitiator       : HHH000489: No JTA platform available (set 'hibernate.transaction.jta.platform' to enable JTA platform integration)
2025-05-06T15:10:07.937+02:00  INFO 31088 --- [PayMyBuddy] [main] j.LocalContainerEntityManagerFactoryBean : Initialized JPA EntityManagerFactory for persistence unit 'default'
2025-05-06T15:10:08.311+02:00  INFO 31088 --- [PayMyBuddy] [main] o.s.d.j.r.query.QueryEnhancerFactory     : Hibernate is in classpath; If applicable, HQL parser will be used.
2025-05-06T15:10:08.733+02:00  WARN 31088 --- [PayMyBuddy] [main] JpaBaseConfiguration$JpaWebConfiguration : spring.jpa.open-in-view is enabled by default. Therefore, database queries may be performed during view rendering. Explicitly configure spring.jpa.open-in-view to disable this warning
2025-05-06T15:10:09.149+02:00  INFO 31088 --- [PayMyBuddy] [main] o.s.b.w.embedded.tomcat.TomcatWebServer  : Tomcat started on port 8080 (http) with context path '/'
2025-05-06T15:10:09.157+02:00  INFO 31088 --- [PayMyBuddy] [main] c.o.PayMyBuddy.PayMyBuddyApplication     : Started PayMyBuddyApplication in 6.818 seconds (process running for 7.413)
2025-05-06T15:10:10.082+02:00  INFO 31088 --- [PayMyBuddy] [http-nio-8080-exec-1] o.a.c.c.C.[Tomcat].[localhost].[/]       : Initializing Spring DispatcherServlet 'dispatcherServlet'
2025-05-06T15:10:10.083+02:00  INFO 31088 --- [PayMyBuddy] [http-nio-8080-exec-1] o.s.web.servlet.DispatcherServlet        : Initializing Servlet 'dispatcherServlet'
2025-05-06T15:10:10.084+02:00  INFO 31088 --- [PayMyBuddy] [http-nio-8080-exec-1] o.s.web.servlet.DispatcherServlet        : Completed initialization in 1 ms
2025-05-06T15:58:43.819+02:00  INFO 31088 --- [PayMyBuddy] [SpringApplicationShutdownHook] o.s.b.w.e.tomcat.GracefulShutdown        : Commencing graceful shutdown. Waiting for active requests to complete
2025-05-06T15:58:43.826+02:00  INFO 31088 --- [PayMyBuddy] [tomcat-shutdown] o.s.b.w.e.tomcat.GracefulShutdown        : Graceful shutdown complete
2025-05-06T15:58:43.861+02:00  INFO 31088 --- [PayMyBuddy] [SpringApplicationShutdownHook] j.LocalContainerEntityManagerFactoryBean : Closing JPA EntityManagerFactory for persistence unit 'default'
2025-05-06T15:58:43.861+02:00  INFO 31088 --- [PayMyBuddy] [SpringApplicationShutdownHook] com.zaxxer.hikari.HikariDataSource       : HikariPool-1 - Shutdown initiated...
2025-05-06T15:58:43.868+02:00  INFO 31088 --- [PayMyBuddy] [SpringApplicationShutdownHook] com.zaxxer.hikari.HikariDataSource       : HikariPool-1 - Shutdown completed.
